订单号,订单日期,品类,商品名称,数量,单价,销售额,成本,利润,地区,渠道,客户类型
SO-20250101-0001,2025-01-01 05:00:00,美妆个护,氨基酸洗面奶,2,89,178,128.89,49.11,东北,小程序,新客
SO-20250102-0002,2025-01-02 10:00:00,家居日用,水洗棉四件套,2,329,658,441.0,217.0,东北,直播带货,新客
SO-20250102-0003,2025-01-02 14:00:00,家居日用,落地灯,4,199,796,546.81,249.19,西南,线下门店,会员
SO-20250103-0004,2025-01-03 09:00:00,电子产品,便携充电宝,1,129,129,85.55,43.45,东北,线上商城,老客
SO-20250103-0005,2025-01-03 21:00:00,电子产品,智能手表,4,1299,5196,4205.48,990.52,华中,线下门店,会员
SO-20250104-0006,2025-01-04 14:00:00,食品饮料,坚果礼盒,1,158,158,122.15,35.85,东北,小程序,新客
SO-20250104-0007,2025-01-04 16:00:00,家居日用,落地灯,4,199,796,634.54,161.46,西南,直播带货,新客
SO-20250105-0008,2025-01-05 09:00:00,美妆个护,氨基酸洗面奶,1,89,89,69.5,19.5,华东,直播带货,老客
SO-20250106-0009,2025-01-06 18:00:00,家居日用,水洗棉四件套,4,329,1316,893.36,422.64,华北,直播带货,老客
SO-20250106-0010,2025-01-06 22:00:00,电子产品,智能手表,2,1299,2598,2105.12,492.88,华东,线下门店,老客
SO-20250107-0011,2025-01-07 01:00:00,服装鞋帽,纯棉T恤,5,79,395,323.16,71.84,西南,小程序,老客
SO-20250108-0012,2025-01-08 09:00:00,美妆个护,口红,1,219,219,135.21,83.79,东北,线上商城,会员
SO-20250109-0013,2025-01-09 00:00:00,食品饮料,有机牛奶,3,59,177,102.37,74.63,华北,线下门店,会员
SO-20250109-0014,2025-01-09 14:00:00,服装鞋帽,纯棉T恤,2,79,158,92.66,65.34,东北,小程序,老客
SO-20250109-0015,2025-01-09 22:00:00,美妆个护,淡香水,5,499,2495,1520.56,974.44,东北,小程序,新客
SO-20250110-0016,2025-01-10 01:00:00,美妆个护,淡香水,3,499,1497,1047.76,449.24,华东,小程序,会员
SO-20250110-0017,2025-01-10 03:00:00,食品饮料,坚果礼盒,1,158,158,121.2,36.8,华中,线上商城,会员
SO-20250110-0018,2025-01-10 13:00:00,服装鞋帽,牛仔裤,3,259,777,463.81,313.19,华东,线下门店,新客
SO-20250111-0019,2025-01-11 19:00:00,服装鞋帽,轻薄羽绒服,3,899,2697,1775.61,921.39,华中,线下门店,老客
SO-20250112-0020,2025-01-12 00:00:00,服装鞋帽,牛仔裤,3,259,777,586.79,190.21,华中,线上商城,新客
SO-20250112-0021,2025-01-12 16:00:00,服装鞋帽,运动鞋,3,399,1197,856.91,340.09,华南,直播带货,新客
SO-20250112-0022,2025-01-12 19:00:00,家居日用,落地灯,2,199,398,314.36,83.64,东北,小程序,新客
SO-20250113-0023,2025-01-13 19:00:00,家居日用,水洗棉四件套,2,329,658,492.46,165.54,华南,小程序,会员
SO-20250113-0024,2025-01-13 20:00:00,美妆个护,氨基酸洗面奶,1,89,89,52.74,36.26,东北,线上商城,新客
SO-20250114-0025,2025-01-14 05:00:00,电子产品,机械键盘,5,499,2495,1891.02,603.98,华东,直播带货,老客
SO-20250114-0026,2025-01-14 13:00:00,服装鞋帽,牛仔裤,5,259,1295,903.09,391.91,华中,线下门店,老客
SO-20250114-0027,2025-01-14 15:00:00,美妆个护,保湿精华,2,359,718,502.46,215.54,西南,直播带货,新客
SO-20250115-0028,2025-01-15 02:00:00,美妆个护,氨基酸洗面奶,1,89,89,67.62,21.38,华北,线上商城,新客
SO-20250115-0029,2025-01-15 16:00:00,美妆个护,淡香水,3,499,1497,1005.09,491.91,华南,线下门店,会员
SO-20250116-0030,2025-01-16 01:00:00,服装鞋帽,运动鞋,3,399,1197,690.65,506.35,华北,小程序,新客
SO-20250116-0031,2025-01-16 16:00:00,服装鞋帽,轻薄羽绒服,1,899,899,513.7,385.3,华东,小程序,新客
SO-20250116-0032,2025-01-16 16:00:00,食品饮料,精品咖啡豆,4,108,432,321.74,110.26,西南,线下门店,老客
SO-20250116-0033,2025-01-16 20:00:00,家居日用,香薰蜡烛,3,69,207,123.99,83.01,东北,线上商城,新客
SO-20250117-0034,2025-01-17 09:00:00,家居日用,收纳箱,5,45,225,176.55,48.45,华东,线上商城,老客
SO-20250117-0035,2025-01-17 13:00:00,服装鞋帽,轻薄羽绒服,4,899,3596,2049.37,1546.63,华中,小程序,会员
SO-20250117-0036,2025-01-17 21:00:00,美妆个护,保湿精华,3,359,1077,808.92,268.08,华中,线上商城,会员
SO-20250118-0037,2025-01-18 20:00:00,服装鞋帽,牛仔裤,1,259,259,195.18,63.82,西南,直播带货,老客
SO-20250118-0038,2025-01-18 22:00:00,电子产品,无线蓝牙耳机,3,299,897,530.55,366.45,东北,线上商城,新客
SO-20250119-0039,2025-01-19 01:00:00,美妆个护,口红,1,219,219,174.46,44.54,东北,线下门店,会员
SO-20250119-0040,2025-01-19 03:00:00,服装鞋帽,牛仔裤,3,259,777,545.46,231.54,华北,线下门店,老客
SO-20250119-0041,2025-01-19 07:00:00,美妆个护,保湿精华,2,359,718,509.29,208.71,华东,小程序,老客
SO-20250119-0042,2025-01-19 10:00:00,电子产品,智能手表,4,1299,5196,3691.93,1504.07,华东,直播带货,老客
SO-20250119-0043,2025-01-19 22:00:00,家居日用,香薰蜡烛,5,69,345,191.44,153.56,西南,线上商城,新客
SO-20250121-0044,2025-01-21 04:00:00,服装鞋帽,运动鞋,2,399,798,515.9,282.1,华北,直播带货,会员
SO-20250121-0045,2025-01-21 13:00:00,服装鞋帽,纯棉T恤,5,79,395,308.29,86.71,华中,线上商城,老客
SO-20250122-0046,2025-01-22 04:00:00,食品饮料,坚果礼盒,3,158,474,333.85,140.15,华东,直播带货,老客
SO-20250123-0047,2025-01-23 07:00:00,电子产品,无线蓝牙耳机,1,299,299,230.9,68.1,华北,小程序,会员
SO-20250123-0048,2025-01-23 15:00:00,服装鞋帽,运动鞋,5,399,1995,1344.09,650.91,华中,线上商城,老客
SO-20250124-0049,2025-01-24 07:00:00,电子产品,无线蓝牙耳机,3,299,897,575.38,321.62,华南,直播带货,新客
SO-20250125-0050,2025-01-25 21:00:00,食品饮料,进口红酒,2,268,536,362.48,173.52,华南,直播带货,会员
SO-20250126-0051,2025-01-26 05:00:00,服装鞋帽,纯棉T恤,4,79,316,235.9,80.1,东北,直播带货,新客
SO-20250126-0052,2025-01-26 11:00:00,食品饮料,坚果礼盒,2,158,316,237.42,78.58,华东,直播带货,会员
SO-20250127-0053,2025-01-27 00:00:00,电子产品,无线蓝牙耳机,2,299,598,488.72,109.28,华东,线上商城,新客
SO-20250127-0054,2025-01-27 10:00:00,食品饮料,坚果礼盒,1,158,158,127.21,30.79,西南,直播带货,新客
SO-20250128-0055,2025-01-28 10:00:00,食品饮料,有机牛奶,4,59,236,176.94,59.06,华南,线下门店,会员
SO-20250128-0056,2025-01-28 16:00:00,食品饮料,进口红酒,4,268,1072,735.46,336.54,东北,线下门店,新客
SO-20250128-0057,2025-01-28 20:00:00,美妆个护,口红,2,219,438,284.71,153.29,华北,线下门店,新客
SO-20250129-0058,2025-01-29 12:00:00,家居日用,落地灯,5,199,995,555.27,439.73,华中,直播带货,老客
SO-20250130-0059,2025-01-30 07:00:00,电子产品,智能手表,4,1299,5196,3226.39,1969.61,华北,线下门店,新客
SO-20250130-0060,2025-01-30 09:00:00,服装鞋帽,纯棉T恤,2,79,158,110.25,47.75,西南,线上商城,老客
SO-20250130-0061,2025-01-30 20:00:00,家居日用,落地灯,3,199,597,355.0,242.0,华南,直播带货,新客
SO-20250201-0062,2025-02-01 00:00:00,电子产品,便携充电宝,5,129,645,455.8,189.2,华中,线上商城,老客
SO-20250201-0063,2025-02-01 11:00:00,服装鞋帽,运动鞋,1,399,399,235.37,163.63,东北,小程序,老客
SO-20250202-0064,2025-02-02 00:00:00,家居日用,香薰蜡烛,5,69,345,200.37,144.63,西南,线下门店,老客
SO-20250202-0065,2025-02-02 01:00:00,食品饮料,进口红酒,1,268,268,205.58,62.42,华东,线下门店,新客
SO-20250202-0066,2025-02-02 06:00:00,食品饮料,精品咖啡豆,3,108,324,237.18,86.82,东北,直播带货,新客
SO-20250203-0067,2025-02-03 12:00:00,食品饮料,进口红酒,1,268,268,171.73,96.27,东北,线上商城,新客
SO-20250203-0068,2025-02-03 15:00:00,美妆个护,氨基酸洗面奶,3,89,267,163.23,103.77,西南,线下门店,新客
SO-20250204-0069,2025-02-04 02:00:00,电子产品,机械键盘,1,499,499,311.92,187.08,华南,小程序,老客
SO-20250204-0070,2025-02-04 03:00:00,电子产品,无线蓝牙耳机,1,299,299,208.83,90.17,华南,直播带货,老客
SO-20250204-0071,2025-02-04 16:00:00,家居日用,落地灯,5,199,995,616.53,378.47,华中,小程序,会员
SO-20250205-0072,2025-02-05 11:00:00,食品饮料,精品咖啡豆,5,108,540,399.1,140.9,华南,线下门店,会员
SO-20250206-0073,2025-02-06 18:00:00,家居日用,香薰蜡烛,5,69,345,244.91,100.09,华东,直播带货,会员
SO-20250207-0074,2025-02-07 02:00:00,美妆个护,氨基酸洗面奶,5,89,445,344.89,100.11,华东,线上商城,老客
SO-20250207-0075,2025-02-07 10:00:00,家居日用,落地灯,1,199,199,124.26,74.74,华东,线上商城,新客
SO-20250207-0076,2025-02-07 10:00:00,电子产品,便携充电宝,1,129,129,93.72,35.28,华北,小程序,老客
SO-20250208-0077,2025-02-08 01:00:00,服装鞋帽,运动鞋,3,399,1197,792.43,404.57,东北,线上商城,会员
SO-20250208-0078,2025-02-08 12:00:00,电子产品,无线蓝牙耳机,3,299,897,530.72,366.28,东北,线下门店,新客
SO-20250208-0079,2025-02-08 16:00:00,美妆个护,保湿精华,5,359,1795,1237.55,557.45,华东,小程序,会员
SO-20250209-0080,2025-02-09 15:00:00,服装鞋帽,轻薄羽绒服,2,899,1798,1315.25,482.75,华东,直播带货,新客
SO-20250210-0081,2025-02-10 10:00:00,家居日用,收纳箱,3,45,135,77.15,57.85,华中,线下门店,新客
SO-20250211-0082,2025-02-11 12:00:00,食品饮料,精品咖啡豆,2,108,216,143.64,72.36,西南,线下门店,会员
SO-20250212-0083,2025-02-12 02:00:00,家居日用,水洗棉四件套,1,329,329,235.99,93.01,华北,线上商城,新客
SO-20250212-0084,2025-02-12 09:00:00,电子产品,智能手表,3,1299,3897,2218.65,1678.35,东北,线下门店,会员
SO-20250213-0085,2025-02-13 00:00:00,家居日用,落地灯,3,199,597,366.77,230.23,华南,小程序,会员
SO-20250213-0086,2025-02-13 03:00:00,电子产品,便携充电宝,3,129,387,283.23,103.77,华北,直播带货,新客
SO-20250213-0087,2025-02-13 05:00:00,美妆个护,淡香水,3,499,1497,1167.13,329.87,东北,小程序,新客
SO-20250213-0088,2025-02-13 14:00:00,家居日用,落地灯,5,199,995,573.24,421.76,华中,线上商城,新客
SO-20250213-0089,2025-02-13 16:00:00,电子产品,机械键盘,5,499,2495,1451.14,1043.86,华中,线上商城,老客
SO-20250213-0090,2025-02-13 19:00:00,食品饮料,进口红酒,4,268,1072,803.07,268.93,华东,直播带货,老客
SO-20250214-0091,2025-02-14 00:00:00,家居日用,香薰蜡烛,3,69,207,163.93,43.07,华中,线上商城,老客
SO-20250214-0092,2025-02-14 02:00:00,美妆个护,氨基酸洗面奶,1,89,89,52.82,36.18,华中,小程序,新客
SO-20250214-0093,2025-02-14 11:00:00,电子产品,便携充电宝,5,129,645,442.93,202.07,东北,小程序,会员
SO-20250215-0094,2025-02-15 04:00:00,美妆个护,保湿精华,3,359,1077,862.08,214.92,华东,直播带货,会员
SO-20250215-0095,2025-02-15 05:00:00,食品饮料,坚果礼盒,3,158,474,291.22,182.78,华中,小程序,老客
SO-20250215-0096,2025-02-15 09:00:00,家居日用,收纳箱,5,45,225,141.69,83.31,华中,线下门店,老客
SO-20250215-0097,2025-02-15 10:00:00,电子产品,便携充电宝,4,129,516,415.31,100.69,华北,线上商城,会员
SO-20250215-0098,2025-02-15 19:00:00,服装鞋帽,运动鞋,3,399,1197,851.11,345.89,华南,小程序,新客
SO-20250216-0099,2025-02-16 07:00:00,服装鞋帽,牛仔裤,4,259,1036,792.4,243.6,华南,小程序,老客
SO-20250216-0100,2025-02-16 08:00:00,美妆个护,保湿精华,4,359,1436,1111.62,324.38,东北,小程序,会员
SO-20250216-0101,2025-02-16 10:00:00,服装鞋帽,运动鞋,2,399,798,557.45,240.55,华中,小程序,新客
SO-20250216-0102,2025-02-16 15:00:00,家居日用,香薰蜡烛,3,69,207,134.53,72.47,华北,线上商城,新客
SO-20250216-0103,2025-02-16 18:00:00,美妆个护,保湿精华,5,359,1795,1139.6,655.4,华北,小程序,新客
SO-20250216-0104,2025-02-16 19:00:00,食品饮料,有机牛奶,4,59,236,186.28,49.72,东北,线下门店,老客
SO-20250217-0105,2025-02-17 03:00:00,美妆个护,保湿精华,5,359,1795,1454.73,340.27,华北,线下门店,新客
SO-20250217-0106,2025-02-17 22:00:00,电子产品,机械键盘,1,499,499,364.38,134.62,西南,小程序,老客
SO-20250218-0107,2025-02-18 05:00:00,食品饮料,有机牛奶,5,59,295,211.19,83.81,西南,线上商城,老客
SO-20250219-0108,2025-02-19 23:00:00,食品饮料,进口红酒,5,268,1340,818.49,521.51,华南,小程序,老客
SO-20250221-0109,2025-02-21 04:00:00,电子产品,智能手表,3,1299,3897,2936.46,960.54,华南,小程序,老客
SO-20250221-0110,2025-02-21 11:00:00,美妆个护,氨基酸洗面奶,1,89,89,72.32,16.68,华南,线下门店,会员
SO-20250221-0111,2025-02-21 13:00:00,电子产品,智能手表,3,1299,3897,2424.21,1472.79,东北,线下门店,新客
SO-20250222-0112,2025-02-22 04:00:00,服装鞋帽,纯棉T恤,4,79,316,190.27,125.73,华东,直播带货,会员
SO-20250222-0113,2025-02-22 18:00:00,电子产品,智能手表,4,1299,5196,3002.87,2193.13,华南,小程序,会员
SO-20250223-0114,2025-02-23 10:00:00,美妆个护,氨基酸洗面奶,4,89,356,267.69,88.31,华南,直播带货,老客
SO-20250223-0115,2025-02-23 11:00:00,家居日用,水洗棉四件套,1,329,329,268.12,60.88,西南,小程序,老客
SO-20250223-0116,2025-02-23 22:00:00,美妆个护,氨基酸洗面奶,3,89,267,171.65,95.35,西南,直播带货,新客
SO-20250223-0117,2025-02-23 23:00:00,家居日用,水洗棉四件套,4,329,1316,976.69,339.31,东北,直播带货,新客
SO-20250224-0118,2025-02-24 05:00:00,电子产品,机械键盘,2,499,998,785.75,212.25,华北,线上商城,会员
SO-20250224-0119,2025-02-24 19:00:00,美妆个护,淡香水,3,499,1497,1159.11,337.89,东北,线上商城,新客
SO-20250225-0120,2025-02-25 07:00:00,电子产品,智能手表,3,1299,3897,3187.52,709.48,东北,线上商城,会员
SO-20250225-0121,2025-02-25 17:00:00,服装鞋帽,纯棉T恤,2,79,158,116.23,41.77,华东,线上商城,老客
SO-20250225-0122,2025-02-25 21:00:00,电子产品,机械键盘,4,499,1996,1309.56,686.44,东北,小程序,新客
SO-20250226-0123,2025-02-26 00:00:00,美妆个护,保湿精华,2,359,718,498.39,219.61,华南,线上商城,老客
SO-20250226-0124,2025-02-26 00:00:00,家居日用,落地灯,3,199,597,368.06,228.94,华中,线下门店,会员
SO-20250226-0125,2025-02-26 01:00:00,家居日用,收纳箱,3,45,135,101.21,33.79,华中,线上商城,会员
SO-20250226-0126,2025-02-26 07:00:00,食品饮料,精品咖啡豆,3,108,324,237.95,86.05,东北,小程序,老客
SO-20250226-0127,2025-02-26 08:00:00,家居日用,收纳箱,5,45,225,142.19,82.81,华北,线下门店,会员
SO-20250227-0128,2025-02-27 13:00:00,家居日用,水洗棉四件套,5,329,1645,1154.02,490.98,华北,线下门店,新客
SO-20250227-0129,2025-02-27 23:00:00,食品饮料,坚果礼盒,2,158,316,197.99,118.01,西南,线下门店,新客
SO-20250228-0130,2025-02-28 00:00:00,食品饮料,进口红酒,1,268,268,149.94,118.06,东北,小程序,会员
SO-20250228-0131,2025-02-28 16:00:00,电子产品,机械键盘,4,499,1996,1519.72,476.28,华南,直播带货,会员
SO-20250301-0132,2025-03-01 06:00:00,电子产品,机械键盘,2,499,998,671.48,326.52,华北,线上商城,新客
SO-20250302-0133,2025-03-02 00:00:00,电子产品,智能手表,3,1299,3897,2361.91,1535.09,华南,线下门店,新客
SO-20250302-0134,2025-03-02 11:00:00,家居日用,水洗棉四件套,5,329,1645,924.72,720.28,华南,线下门店,新客
SO-20250302-0135,2025-03-02 14:00:00,食品饮料,精品咖啡豆,2,108,216,160.97,55.03,东北,直播带货,会员
SO-20250303-0136,2025-03-03 05:00:00,服装鞋帽,牛仔裤,3,259,777,428.92,348.08,华东,直播带货,老客
SO-20250304-0137,2025-03-04 20:00:00,服装鞋帽,牛仔裤,3,259,777,440.59,336.41,东北,直播带货,新客
SO-20250304-0138,2025-03-04 20:00:00,美妆个护,淡香水,2,499,998,728.86,269.14,华东,线下门店,新客
SO-20250305-0139,2025-03-05 13:00:00,电子产品,便携充电宝,2,129,258,187.4,70.6,华中,线上商城,老客
SO-20250305-0140,2025-03-05 14:00:00,电子产品,机械键盘,1,499,499,321.83,177.17,华中,线下门店,会员
SO-20250305-0141,2025-03-05 14:00:00,食品饮料,坚果礼盒,1,158,158,87.49,70.51,华南,直播带货,新客
SO-20250305-0142,2025-03-05 17:00:00,电子产品,无线蓝牙耳机,5,299,1495,1058.63,436.37,华中,线上商城,老客
SO-20250305-0143,2025-03-05 17:00:00,家居日用,水洗棉四件套,1,329,329,185.69,143.31,华北,小程序,老客
SO-20250306-0144,2025-03-06 18:00:00,家居日用,收纳箱,2,45,90,57.73,32.27,华南,线上商城,新客
SO-20250308-0145,2025-03-08 12:00:00,家居日用,落地灯,1,199,199,141.27,57.73,华南,线上商城,会员
SO-20250309-0146,2025-03-09 11:00:00,美妆个护,氨基酸洗面奶,4,89,356,245.88,110.12,华北,线上商城,老客
SO-20250310-0147,2025-03-10 07:00:00,电子产品,机械键盘,4,499,1996,1614.68,381.32,华北,线上商城,新客
SO-20250310-0148,2025-03-10 17:00:00,电子产品,无线蓝牙耳机,5,299,1495,834.88,660.12,华东,线上商城,会员
SO-20250311-0149,2025-03-11 12:00:00,家居日用,落地灯,1,199,199,119.82,79.18,华南,小程序,新客
SO-20250311-0150,2025-03-11 13:00:00,家居日用,水洗棉四件套,5,329,1645,1165.7,479.3,西南,直播带货,老客
SO-20250312-0151,2025-03-12 06:00:00,美妆个护,淡香水,1,499,499,305.82,193.18,华南,线上商城,老客
SO-20250314-0152,2025-03-14 05:00:00,服装鞋帽,轻薄羽绒服,5,899,4495,3077.38,1417.62,华东,小程序,会员
SO-20250315-0153,2025-03-15 18:00:00,服装鞋帽,牛仔裤,3,259,777,524.44,252.56,华中,线下门店,会员
SO-20250315-0154,2025-03-15 23:00:00,美妆个护,口红,5,219,1095,696.01,398.99,东北,小程序,新客
SO-20250316-0155,2025-03-16 02:00:00,家居日用,水洗棉四件套,5,329,1645,1125.23,519.77,华北,直播带货,新客
SO-20250317-0156,2025-03-17 06:00:00,食品饮料,有机牛奶,1,59,59,35.42,23.58,华中,直播带货,会员
SO-20250317-0157,2025-03-17 17:00:00,美妆个护,口红,3,219,657,384.57,272.43,华东,小程序,会员
SO-20250318-0158,2025-03-18 00:00:00,家居日用,收纳箱,3,45,135,102.47,32.53,华中,小程序,老客
SO-20250318-0159,2025-03-18 23:00:00,家居日用,香薰蜡烛,5,69,345,260.22,84.78,华北,线上商城,老客
SO-20250319-0160,2025-03-19 19:00:00,电子产品,智能手表,5,1299,6495,3879.1,2615.9,华中,线下门店,老客
SO-20250320-0161,2025-03-20 03:00:00,服装鞋帽,轻薄羽绒服,1,899,899,518.52,380.48,华北,线上商城,新客
SO-20250320-0162,2025-03-20 08:00:00,美妆个护,保湿精华,4,359,1436,1026.51,409.49,华南,小程序,新客
SO-20250321-0163,2025-03-21 01:00:00,服装鞋帽,运动鞋,4,399,1596,1174.66,421.34,西南,线下门店,新客
SO-20250321-0164,2025-03-21 03:00:00,食品饮料,坚果礼盒,1,158,158,100.6,57.4,华南,线下门店,新客
SO-20250322-0165,2025-03-22 07:00:00,电子产品,智能手表,2,1299,2598,1998.85,599.15,西南,小程序,新客
SO-20250322-0166,2025-03-22 19:00:00,电子产品,智能手表,3,1299,3897,2770.92,1126.08,华中,小程序,会员
SO-20250323-0167,2025-03-23 00:00:00,食品饮料,精品咖啡豆,4,108,432,247.49,184.51,西南,小程序,会员
SO-20250323-0168,2025-03-23 03:00:00,食品饮料,精品咖啡豆,5,108,540,361.29,178.71,华中,小程序,会员
SO-20250323-0169,2025-03-23 12:00:00,家居日用,收纳箱,2,45,90,70.56,19.44,华中,小程序,会员
SO-20250323-0170,2025-03-23 22:00:00,食品饮料,进口红酒,3,268,804,644.24,159.76,华东,线下门店,老客
SO-20250324-0171,2025-03-24 01:00:00,服装鞋帽,运动鞋,3,399,1197,927.51,269.49,华南,线下门店,老客
SO-20250324-0172,2025-03-24 08:00:00,食品饮料,坚果礼盒,1,158,158,111.32,46.68,华北,小程序,老客
SO-20250324-0173,2025-03-24 14:00:00,电子产品,智能手表,5,1299,6495,5215.26,1279.74,西南,线上商城,会员
SO-20250324-0174,2025-03-24 18:00:00,服装鞋帽,运动鞋,3,399,1197,973.95,223.05,华南,小程序,新客
SO-20250326-0175,2025-03-26 05:00:00,家居日用,落地灯,2,199,398,280.07,117.93,西南,小程序,会员
SO-20250326-0176,2025-03-26 13:00:00,家居日用,水洗棉四件套,4,329,1316,969.2,346.8,华东,线上商城,新客
SO-20250327-0177,2025-03-27 02:00:00,美妆个护,保湿精华,4,359,1436,1086.28,349.72,华中,线上商城,老客
SO-20250327-0178,2025-03-27 09:00:00,美妆个护,淡香水,1,499,499,282.31,216.69,东北,直播带货,会员
SO-20250327-0179,2025-03-27 22:00:00,服装鞋帽,纯棉T恤,4,79,316,202.54,113.46,西南,直播带货,老客
SO-20250328-0180,2025-03-28 08:00:00,服装鞋帽,运动鞋,4,399,1596,1037.91,558.09,华南,线上商城,新客
SO-20250329-0181,2025-03-29 16:00:00,家居日用,落地灯,4,199,796,576.38,219.62,西南,直播带货,新客
SO-20250329-0182,2025-03-29 19:00:00,食品饮料,有机牛奶,1,59,59,41.9,17.1,华南,小程序,老客
SO-20250329-0183,2025-03-29 21:00:00,美妆个护,保湿精华,2,359,718,422.63,295.37,东北,线下门店,会员
SO-20250330-0184,2025-03-30 01:00:00,电子产品,智能手表,4,1299,5196,2973.44,2222.56,西南,直播带货,会员
SO-20250330-0185,2025-03-30 13:00:00,电子产品,智能手表,5,1299,6495,4071.8,2423.2,华北,小程序,新客
SO-20250330-0186,2025-03-30 21:00:00,电子产品,机械键盘,4,499,1996,1151.11,844.89,华北,线下门店,老客
SO-20250331-0187,2025-03-31 11:00:00,食品饮料,精品咖啡豆,5,108,540,439.07,100.93,华东,小程序,老客
SO-20250401-0188,2025-04-01 11:00:00,服装鞋帽,运动鞋,3,399,1197,734.84,462.16,东北,小程序,会员
SO-20250401-0189,2025-04-01 13:00:00,家居日用,收纳箱,4,45,180,135.29,44.71,西南,小程序,老客
SO-20250401-0190,2025-04-01 16:00:00,家居日用,香薰蜡烛,5,69,345,213.43,131.57,东北,小程序,老客
SO-20250402-0191,2025-04-02 10:00:00,电子产品,便携充电宝,1,129,129,99.84,29.16,华中,直播带货,新客
SO-20250403-0192,2025-04-03 14:00:00,美妆个护,淡香水,5,499,2495,1783.7,711.3,华南,小程序,老客
SO-20250403-0193,2025-04-03 20:00:00,服装鞋帽,轻薄羽绒服,3,899,2697,1605.64,1091.36,华中,线下门店,会员
SO-20250404-0194,2025-04-04 10:00:00,家居日用,收纳箱,5,45,225,180.61,44.39,华南,线上商城,老客
SO-20250404-0195,2025-04-04 23:00:00,服装鞋帽,运动鞋,3,399,1197,884.51,312.49,西南,直播带货,会员
SO-20250405-0196,2025-04-05 10:00:00,电子产品,智能手表,5,1299,6495,5141.29,1353.71,华南,直播带货,新客
SO-20250405-0197,2025-04-05 16:00:00,电子产品,智能手表,3,1299,3897,2190.88,1706.12,华东,直播带货,新客
SO-20250406-0198,2025-04-06 04:00:00,电子产品,无线蓝牙耳机,3,299,897,714.34,182.66,西南,小程序,老客
SO-20250406-0199,2025-04-06 18:00:00,美妆个护,保湿精华,2,359,718,484.8,233.2,东北,线上商城,会员
SO-20250407-0200,2025-04-07 03:00:00,服装鞋帽,轻薄羽绒服,2,899,1798,1440.18,357.82,东北,线上商城,老客
SO-20250407-0201,2025-04-07 13:00:00,电子产品,机械键盘,4,499,1996,1119.12,876.88,东北,线上商城,会员
SO-20250407-0202,2025-04-07 15:00:00,家居日用,香薰蜡烛,3,69,207,162.08,44.92,华南,线下门店,会员
SO-20250407-0203,2025-04-07 19:00:00,家居日用,落地灯,3,199,597,391.65,205.35,东北,直播带货,新客
SO-20250408-0204,2025-04-08 10:00:00,食品饮料,坚果礼盒,5,158,790,505.22,284.78,西南,小程序,会员
SO-20250408-0205,2025-04-08 13:00:00,电子产品,便携充电宝,4,129,516,314.72,201.28,华南,线上商城,新客
SO-20250408-0206,2025-04-08 14:00:00,美妆个护,保湿精华,3,359,1077,852.03,224.97,华东,小程序,会员
SO-20250410-0207,2025-04-10 13:00:00,电子产品,智能手表,1,1299,1299,760.36,538.64,华东,直播带货,会员
SO-20250410-0208,2025-04-10 16:00:00,家居日用,水洗棉四件套,1,329,329,227.8,101.2,东北,线下门店,老客
SO-20250411-0209,2025-04-11 07:00:00,美妆个护,保湿精华,1,359,359,246.71,112.29,华北,线上商城,新客
SO-20250411-0210,2025-04-11 08:00:00,电子产品,机械键盘,3,499,1497,833.94,663.06,华东,线上商城,老客
SO-20250412-0211,2025-04-12 04:00:00,家居日用,收纳箱,2,45,90,58.74,31.26,华北,直播带货,会员
SO-20250412-0212,2025-04-12 11:00:00,食品饮料,精品咖啡豆,3,108,324,239.7,84.3,西南,小程序,会员
SO-20250413-0213,2025-04-13 19:00:00,电子产品,机械键盘,3,499,1497,963.01,533.99,华中,小程序,会员
SO-20250414-0214,2025-04-14 00:00:00,服装鞋帽,轻薄羽绒服,3,899,2697,1786.47,910.53,华东,线上商城,老客
SO-20250414-0215,2025-04-14 04:00:00,美妆个护,淡香水,5,499,2495,1451.41,1043.59,华东,线上商城,会员
SO-20250414-0216,2025-04-14 04:00:00,电子产品,无线蓝牙耳机,5,299,1495,884.58,610.42,华南,直播带货,新客
SO-20250414-0217,2025-04-14 11:00:00,家居日用,水洗棉四件套,2,329,658,481.77,176.23,东北,线下门店,会员
SO-20250414-0218,2025-04-14 12:00:00,美妆个护,保湿精华,4,359,1436,951.97,484.03,华东,直播带货,老客
SO-20250414-0219,2025-04-14 15:00:00,电子产品,机械键盘,4,499,1996,1548.82,447.18,华东,线上商城,老客
SO-20250414-0220,2025-04-14 18:00:00,家居日用,水洗棉四件套,5,329,1645,1344.9,300.1,华东,直播带货,会员
SO-20250415-0221,2025-04-15 09:00:00,家居日用,水洗棉四件套,3,329,987,799.85,187.15,华南,线上商城,会员
SO-20250415-0222,2025-04-15 12:00:00,服装鞋帽,运动鞋,3,399,1197,790.85,406.15,华南,小程序,会员
SO-20250415-0223,2025-04-15 18:00:00,电子产品,无线蓝牙耳机,5,299,1495,832.75,662.25,东北,直播带货,新客
SO-20250416-0224,2025-04-16 12:00:00,食品饮料,进口红酒,5,268,1340,1002.82,337.18,华东,小程序,会员
SO-20250416-0225,2025-04-16 17:00:00,食品饮料,坚果礼盒,4,158,632,506.79,125.21,东北,小程序,新客
SO-20250417-0226,2025-04-17 04:00:00,美妆个护,淡香水,2,499,998,594.48,403.52,华南,线上商城,新客
SO-20250417-0227,2025-04-17 09:00:00,电子产品,便携充电宝,1,129,129,77.99,51.01,华中,小程序,会员
SO-20250418-0228,2025-04-18 07:00:00,家居日用,香薰蜡烛,2,69,138,94.47,43.53,西南,线下门店,新客
SO-20250418-0229,2025-04-18 19:00:00,家居日用,香薰蜡烛,3,69,207,139.48,67.52,华南,直播带货,新客
SO-20250419-0230,2025-04-19 04:00:00,服装鞋帽,轻薄羽绒服,4,899,3596,2561.06,1034.94,华南,小程序,老客
SO-20250419-0231,2025-04-19 16:00:00,家居日用,收纳箱,2,45,90,52.51,37.49,华东,小程序,会员
SO-20250419-0232,2025-04-19 19:00:00,食品饮料,精品咖啡豆,1,108,108,79.96,28.04,华中,小程序,新客
SO-20250420-0233,2025-04-20 08:00:00,电子产品,无线蓝牙耳机,2,299,598,408.9,189.1,华北,小程序,老客
SO-20250421-0234,2025-04-21 03:00:00,服装鞋帽,轻薄羽绒服,3,899,2697,2140.9,556.1,华北,线上商城,新客
SO-20250423-0235,2025-04-23 08:00:00,服装鞋帽,牛仔裤,1,259,259,153.84,105.16,华中,线上商城,老客
SO-20250423-0236,2025-04-23 20:00:00,食品饮料,进口红酒,4,268,1072,724.1,347.9,华北,直播带货,新客
SO-20250423-0237,2025-04-23 22:00:00,电子产品,机械键盘,2,499,998,738.54,259.46,华南,小程序,新客
SO-20250424-0238,2025-04-24 06:00:00,电子产品,无线蓝牙耳机,2,299,598,454.42,143.58,华南,线下门店,老客
SO-20250424-0239,2025-04-24 06:00:00,电子产品,机械键盘,2,499,998,587.67,410.33,东北,线下门店,老客
SO-20250424-0240,2025-04-24 12:00:00,家居日用,水洗棉四件套,3,329,987,780.69,206.31,华南,直播带货,新客
SO-20250424-0241,2025-04-24 12:00:00,美妆个护,氨基酸洗面奶,5,89,445,350.82,94.18,东北,线上商城,老客
SO-20250425-0242,2025-04-25 02:00:00,服装鞋帽,轻薄羽绒服,4,899,3596,2027.28,1568.72,东北,线上商城,老客
SO-20250425-0243,2025-04-25 12:00:00,服装鞋帽,纯棉T恤,3,79,237,172.77,64.23,东北,小程序,新客
SO-20250425-0244,2025-04-25 18:00:00,电子产品,便携充电宝,5,129,645,434.05,210.95,东北,直播带货,老客
SO-20250425-0245,2025-04-25 21:00:00,电子产品,便携充电宝,1,129,129,90.6,38.4,西南,小程序,会员
SO-20250427-0246,2025-04-27 04:00:00,电子产品,机械键盘,2,499,998,673.18,324.82,华南,直播带货,新客
SO-20250427-0247,2025-04-27 10:00:00,家居日用,水洗棉四件套,1,329,329,185.16,143.84,华东,线上商城,会员
SO-20250427-0248,2025-04-27 16:00:00,食品饮料,精品咖啡豆,4,108,432,271.89,160.11,西南,小程序,新客
SO-20250428-0249,2025-04-28 01:00:00,家居日用,收纳箱,4,45,180,136.36,43.64,华东,小程序,会员
SO-20250428-0250,2025-04-28 15:00:00,美妆个护,口红,2,219,438,286.67,151.33,华东,线下门店,老客
SO-20250429-0251,2025-04-29 04:00:00,电子产品,智能手表,4,1299,5196,3353.5,1842.5,华中,小程序,会员
SO-20250429-0252,2025-04-29 11:00:00,美妆个护,口红,1,219,219,151.3,67.7,西南,直播带货,新客
SO-20250429-0253,2025-04-29 21:00:00,食品饮料,精品咖啡豆,4,108,432,348.41,83.59,华南,小程序,会员
SO-20250430-0254,2025-04-30 01:00:00,食品饮料,进口红酒,1,268,268,193.82,74.18,华南,直播带货,新客
SO-20250430-0255,2025-04-30 04:00:00,服装鞋帽,纯棉T恤,5,79,395,238.35,156.65,华东,线下门店,会员
SO-20250430-0256,2025-04-30 18:00:00,家居日用,香薰蜡烛,2,69,138,106.51,31.49,华东,小程序,会员
SO-20250430-0257,2025-04-30 22:00:00,电子产品,便携充电宝,3,129,387,253.87,133.13,华东,线下门店,会员
SO-20250501-0258,2025-05-01 08:00:00,电子产品,便携充电宝,2,129,258,185.57,72.43,华北,线上商城,老客
SO-20250501-0259,2025-05-01 14:00:00,服装鞋帽,纯棉T恤,2,79,158,104.02,53.98,西南,小程序,新客
SO-20250501-0260,2025-05-01 17:00:00,食品饮料,有机牛奶,5,59,295,232.24,62.76,东北,直播带货,会员
SO-20250501-0261,2025-05-01 23:00:00,电子产品,便携充电宝,3,129,387,280.4,106.6,华北,线上商城,新客
SO-20250502-0262,2025-05-02 11:00:00,电子产品,无线蓝牙耳机,5,299,1495,913.64,581.36,西南,小程序,会员
SO-20250502-0263,2025-05-02 13:00:00,服装鞋帽,轻薄羽绒服,3,899,2697,1664.24,1032.76,华南,直播带货,新客
SO-20250502-0264,2025-05-02 22:00:00,电子产品,智能手表,3,1299,3897,2325.37,1571.63,华中,直播带货,新客
SO-20250503-0265,2025-05-03 23:00:00,食品饮料,坚果礼盒,4,158,632,357.64,274.36,西南,线上商城,会员
SO-20250504-0266,2025-05-04 10:00:00,食品饮料,精品咖啡豆,3,108,324,198.55,125.45,华北,小程序,老客
SO-20250504-0267,2025-05-04 19:00:00,服装鞋帽,牛仔裤,3,259,777,488.15,288.85,西南,直播带货,老客
SO-20250505-0268,2025-05-05 02:00:00,美妆个护,口红,3,219,657,439.78,217.22,华中,线上商城,会员
SO-20250505-0269,2025-05-05 03:00:00,美妆个护,氨基酸洗面奶,1,89,89,68.7,20.3,华北,线上商城,新客
SO-20250505-0270,2025-05-05 12:00:00,家居日用,收纳箱,5,45,225,164.94,60.06,华东,线上商城,会员
SO-20250505-0271,2025-05-05 22:00:00,服装鞋帽,牛仔裤,3,259,777,565.6,211.4,华东,直播带货,老客
SO-20250505-0272,2025-05-05 23:00:00,电子产品,便携充电宝,3,129,387,255.5,131.5,华北,直播带货,新客
SO-20250506-0273,2025-05-06 07:00:00,美妆个护,氨基酸洗面奶,5,89,445,295.26,149.74,东北,线下门店,会员
SO-20250506-0274,2025-05-06 14:00:00,食品饮料,精品咖啡豆,3,108,324,186.67,137.33,西南,线下门店,新客
SO-20250507-0275,2025-05-07 07:00:00,家居日用,落地灯,1,199,199,144.27,54.73,华北,线上商城,老客
SO-20250507-0276,2025-05-07 13:00:00,家居日用,收纳箱,3,45,135,84.62,50.38,东北,直播带货,新客
SO-20250508-0277,2025-05-08 15:00:00,食品饮料,进口红酒,2,268,536,402.65,133.35,华东,直播带货,新客
SO-20250509-0278,2025-05-09 11:00:00,电子产品,机械键盘,2,499,998,720.88,277.12,西南,直播带货,新客
SO-20250509-0279,2025-05-09 12:00:00,电子产品,无线蓝牙耳机,4,299,1196,750.63,445.37,华南,线上商城,新客
SO-20250509-0280,2025-05-09 14:00:00,服装鞋帽,运动鞋,2,399,798,445.97,352.03,华南,直播带货,新客
SO-20250509-0281,2025-05-09 20:00:00,美妆个护,口红,4,219,876,509.21,366.79,东北,小程序,老客
SO-20250513-0282,2025-05-13 16:00:00,服装鞋帽,轻薄羽绒服,1,899,899,633.09,265.91,东北,线下门店,新客
SO-20250514-0283,2025-05-14 17:00:00,服装鞋帽,牛仔裤,4,259,1036,776.38,259.62,华北,直播带货,会员
SO-20250514-0284,2025-05-14 19:00:00,家居日用,水洗棉四件套,4,329,1316,915.5,400.5,东北,直播带货,会员
SO-20250514-0285,2025-05-14 19:00:00,美妆个护,口红,1,219,219,151.28,67.72,华南,直播带货,老客
SO-20250515-0286,2025-05-15 00:00:00,美妆个护,淡香水,1,499,499,298.6,200.4,西南,小程序,会员
SO-20250515-0287,2025-05-15 15:00:00,美妆个护,保湿精华,3,359,1077,666.37,410.63,西南,直播带货,新客
SO-20250516-0288,2025-05-16 00:00:00,食品饮料,有机牛奶,5,59,295,219.86,75.14,西南,直播带货,老客
SO-20250516-0289,2025-05-16 08:00:00,美妆个护,口红,3,219,657,525.75,131.25,华中,小程序,老客
SO-20250518-0290,2025-05-18 03:00:00,美妆个护,口红,2,219,438,271.08,166.92,华中,小程序,老客
SO-20250518-0291,2025-05-18 09:00:00,服装鞋帽,纯棉T恤,3,79,237,142.99,94.01,东北,小程序,会员
SO-20250518-0292,2025-05-18 22:00:00,家居日用,收纳箱,2,45,90,68.69,21.31,华东,直播带货,新客
SO-20250519-0293,2025-05-19 01:00:00,美妆个护,淡香水,4,499,1996,1556.81,439.19,华中,线上商城,老客
SO-20250519-0294,2025-05-19 01:00:00,家居日用,香薰蜡烛,5,69,345,261.55,83.45,华东,小程序,老客
SO-20250519-0295,2025-05-19 12:00:00,家居日用,落地灯,3,199,597,438.88,158.12,华南,直播带货,会员
SO-20250520-0296,2025-05-20 17:00:00,食品饮料,有机牛奶,4,59,236,192.24,43.76,华北,线下门店,会员
SO-20250520-0297,2025-05-20 22:00:00,电子产品,机械键盘,5,499,2495,1892.65,602.35,华中,线下门店,老客
SO-20250521-0298,2025-05-21 09:00:00,服装鞋帽,运动鞋,4,399,1596,1128.16,467.84,华北,线上商城,老客
SO-20250521-0299,2025-05-21 14:00:00,美妆个护,口红,3,219,657,421.49,235.51,华北,直播带货,新客
SO-20250522-0300,2025-05-22 00:00:00,食品饮料,坚果礼盒,5,158,790,511.63,278.37,华南,直播带货,新客
SO-20250522-0301,2025-05-22 01:00:00,食品饮料,坚果礼盒,4,158,632,348.75,283.25,华南,小程序,会员
SO-20250522-0302,2025-05-22 10:00:00,食品饮料,有机牛奶,5,59,295,185.22,109.78,华南,小程序,老客
SO-20250522-0303,2025-05-22 13:00:00,电子产品,便携充电宝,4,129,516,373.09,142.91,华北,线上商城,会员
SO-20250522-0304,2025-05-22 19:00:00,服装鞋帽,纯棉T恤,3,79,237,180.22,56.78,华南,直播带货,会员
SO-20250523-0305,2025-05-23 10:00:00,服装鞋帽,纯棉T恤,2,79,158,97.89,60.11,华东,线上商城,会员
SO-20250524-0306,2025-05-24 00:00:00,电子产品,无线蓝牙耳机,3,299,897,541.83,355.17,华中,小程序,老客
SO-20250524-0307,2025-05-24 01:00:00,家居日用,收纳箱,5,45,225,129.12,95.88,东北,直播带货,新客
SO-20250524-0308,2025-05-24 08:00:00,美妆个护,淡香水,2,499,998,557.76,440.24,西南,线上商城,会员
SO-20250524-0309,2025-05-24 14:00:00,服装鞋帽,纯棉T恤,1,79,79,62.5,16.5,东北,线上商城,会员
SO-20250524-0310,2025-05-24 15:00:00,美妆个护,保湿精华,3,359,1077,829.03,247.97,华中,线上商城,老客
SO-20250524-0311,2025-05-24 23:00:00,美妆个护,淡香水,2,499,998,701.27,296.73,西南,线上商城,会员
SO-20250525-0312,2025-05-25 16:00:00,家居日用,水洗棉四件套,5,329,1645,1324.54,320.46,东北,线上商城,老客
SO-20250525-0313,2025-05-25 22:00:00,食品饮料,精品咖啡豆,2,108,216,126.86,89.14,华中,线上商城,会员
SO-20250527-0314,2025-05-27 11:00:00,食品饮料,精品咖啡豆,2,108,216,137.69,78.31,华北,线下门店,新客
SO-20250528-0315,2025-05-28 06:00:00,食品饮料,精品咖啡豆,2,108,216,129.61,86.39,华北,线上商城,新客
SO-20250529-0316,2025-05-29 11:00:00,美妆个护,淡香水,4,499,1996,1447.64,548.36,华中,线下门店,会员
SO-20250530-0317,2025-05-30 00:00:00,食品饮料,进口红酒,3,268,804,604.83,199.17,华中,直播带货,老客
SO-20250601-0318,2025-06-01 11:00:00,电子产品,便携充电宝,5,129,645,508.07,136.93,西南,线上商城,老客
SO-20250601-0319,2025-06-01 22:00:00,家居日用,收纳箱,4,45,180,118.05,61.95,东北,线下门店,老客
SO-20250602-0320,2025-06-02 01:00:00,美妆个护,淡香水,5,499,2495,1588.86,906.14,华南,小程序,会员
SO-20250602-0321,2025-06-02 01:00:00,食品饮料,坚果礼盒,2,158,316,173.94,142.06,华南,线上商城,老客
SO-20250602-0322,2025-06-02 02:00:00,食品饮料,有机牛奶,5,59,295,162.54,132.46,华南,线上商城,新客
SO-20250602-0323,2025-06-02 11:00:00,家居日用,收纳箱,1,45,45,27.88,17.12,华北,小程序,新客
SO-20250603-0324,2025-06-03 00:00:00,家居日用,香薰蜡烛,1,69,69,47.54,21.46,东北,线上商城,新客
SO-20250603-0325,2025-06-03 07:00:00,美妆个护,氨基酸洗面奶,3,89,267,174.53,92.47,华北,线下门店,新客
SO-20250603-0326,2025-06-03 09:00:00,电子产品,便携充电宝,5,129,645,432.81,212.19,华南,线上商城,老客
SO-20250603-0327,2025-06-03 11:00:00,服装鞋帽,纯棉T恤,1,79,79,55.69,23.31,华北,线下门店,老客
SO-20250604-0328,2025-06-04 22:00:00,美妆个护,保湿精华,5,359,1795,1361.45,433.55,华南,线下门店,会员
SO-20250605-0329,2025-06-05 11:00:00,美妆个护,氨基酸洗面奶,3,89,267,159.89,107.11,华南,线上商城,新客
SO-20250605-0330,2025-06-05 21:00:00,电子产品,无线蓝牙耳机,3,299,897,518.03,378.97,西南,直播带货,会员
SO-20250606-0331,2025-06-06 15:00:00,食品饮料,坚果礼盒,2,158,316,250.6,65.4,华北,小程序,新客
SO-20250607-0332,2025-06-07 11:00:00,服装鞋帽,轻薄羽绒服,1,899,899,646.4,252.6,西南,直播带货,会员
SO-20250607-0333,2025-06-07 15:00:00,食品饮料,精品咖啡豆,4,108,432,327.32,104.68,西南,小程序,会员
SO-20250607-0334,2025-06-07 17:00:00,食品饮料,进口红酒,4,268,1072,771.17,300.83,华东,小程序,新客
SO-20250607-0335,2025-06-07 19:00:00,服装鞋帽,轻薄羽绒服,4,899,3596,2780.47,815.53,华北,线下门店,新客
SO-20250608-0336,2025-06-08 00:00:00,家居日用,收纳箱,5,45,225,125.93,99.07,东北,线下门店,会员
SO-20250608-0337,2025-06-08 15:00:00,家居日用,收纳箱,2,45,90,71.94,18.06,华中,直播带货,会员
SO-20250608-0338,2025-06-08 16:00:00,食品饮料,精品咖啡豆,2,108,216,128.17,87.83,华中,线上商城,老客
SO-20250609-0339,2025-06-09 20:00:00,食品饮料,有机牛奶,5,59,295,239.65,55.35,华中,线下门店,老客
SO-20250610-0340,2025-06-10 04:00:00,电子产品,机械键盘,4,499,1996,1560.52,435.48,华东,小程序,新客
SO-20250611-0341,2025-06-11 00:00:00,电子产品,智能手表,3,1299,3897,2659.67,1237.33,东北,线上商城,老客
SO-20250611-0342,2025-06-11 07:00:00,服装鞋帽,轻薄羽绒服,5,899,4495,2768.96,1726.04,华东,线下门店,新客
SO-20250611-0343,2025-06-11 12:00:00,服装鞋帽,运动鞋,1,399,399,322.71,76.29,华中,线上商城,老客
SO-20250611-0344,2025-06-11 14:00:00,服装鞋帽,牛仔裤,3,259,777,530.11,246.89,西南,线下门店,老客
SO-20250611-0345,2025-06-11 23:00:00,服装鞋帽,纯棉T恤,4,79,316,247.02,68.98,华东,线下门店,老客
SO-20250612-0346,2025-06-12 00:00:00,美妆个护,氨基酸洗面奶,2,89,178,142.88,35.12,东北,线下门店,新客
SO-20250613-0347,2025-06-13 04:00:00,电子产品,智能手表,5,1299,6495,4591.23,1903.77,华北,小程序,老客
SO-20250613-0348,2025-06-13 07:00:00,家居日用,香薰蜡烛,3,69,207,155.74,51.26,华南,线下门店,新客
SO-20250613-0349,2025-06-13 14:00:00,家居日用,香薰蜡烛,1,69,69,43.16,25.84,华北,线下门店,会员
SO-20250613-0350,2025-06-13 19:00:00,服装鞋帽,运动鞋,5,399,1995,1507.74,487.26,华中,小程序,新客
SO-20250613-0351,2025-06-13 23:00:00,服装鞋帽,牛仔裤,1,259,259,191.27,67.73,华南,线下门店,新客
SO-20250614-0352,2025-06-14 00:00:00,食品饮料,有机牛奶,3,59,177,105.85,71.15,西南,直播带货,新客
SO-20250614-0353,2025-06-14 15:00:00,家居日用,落地灯,2,199,398,279.93,118.07,华北,直播带货,新客
SO-20250615-0354,2025-06-15 01:00:00,家居日用,香薰蜡烛,1,69,69,38.21,30.79,华南,直播带货,老客
SO-20250615-0355,2025-06-15 03:00:00,食品饮料,进口红酒,3,268,804,454.18,349.82,华北,线下门店,会员
SO-20250615-0356,2025-06-15 21:00:00,美妆个护,淡香水,5,499,2495,1960.25,534.75,华南,小程序,新客
SO-20250615-0357,2025-06-15 23:00:00,美妆个护,口红,5,219,1095,761.59,333.41,华中,线上商城,新客
SO-20250616-0358,2025-06-16 07:00:00,电子产品,无线蓝牙耳机,2,299,598,353.7,244.3,华东,小程序,新客
SO-20250616-0359,2025-06-16 08:00:00,电子产品,无线蓝牙耳机,2,299,598,448.96,149.04,华东,线上商城,会员
SO-20250616-0360,2025-06-16 17:00:00,美妆个护,氨基酸洗面奶,3,89,267,201.17,65.83,华北,线上商城,新客
SO-20250618-0361,2025-06-18 07:00:00,食品饮料,进口红酒,4,268,1072,780.62,291.38,西南,小程序,新客
SO-20250619-0362,2025-06-19 01:00:00,服装鞋帽,牛仔裤,3,259,777,464.44,312.56,东北,线上商城,会员
SO-20250619-0363,2025-06-19 09:00:00,食品饮料,坚果礼盒,5,158,790,586.06,203.94,华东,小程序,新客
SO-20250620-0364,2025-06-20 06:00:00,服装鞋帽,轻薄羽绒服,3,899,2697,1746.44,950.56,华东,线下门店,新客
SO-20250620-0365,2025-06-20 16:00:00,食品饮料,有机牛奶,3,59,177,106.75,70.25,华北,直播带货,老客
SO-20250621-0366,2025-06-21 07:00:00,电子产品,智能手表,3,1299,3897,2301.89,1595.11,华南,线上商城,新客
SO-20250622-0367,2025-06-22 04:00:00,美妆个护,氨基酸洗面奶,4,89,356,226.71,129.29,华中,线上商城,会员
SO-20250622-0368,2025-06-22 06:00:00,美妆个护,保湿精华,2,359,718,412.46,305.54,华南,直播带货,老客
SO-20250623-0369,2025-06-23 01:00:00,美妆个护,口红,1,219,219,133.17,85.83,西南,直播带货,新客
SO-20250623-0370,2025-06-23 09:00:00,食品饮料,精品咖啡豆,1,108,108,86.88,21.12,华南,直播带货,新客
SO-20250623-0371,2025-06-23 09:00:00,电子产品,无线蓝牙耳机,5,299,1495,1065.81,429.19,华中,线上商城,新客
SO-20250623-0372,2025-06-23 12:00:00,美妆个护,淡香水,1,499,499,283.42,215.58,西南,直播带货,新客
SO-20250623-0373,2025-06-23 15:00:00,食品饮料,精品咖啡豆,4,108,432,264.07,167.93,西南,小程序,会员
SO-20250623-0374,2025-06-23 19:00:00,家居日用,落地灯,1,199,199,110.97,88.03,西南,小程序,新客
SO-20250624-0375,2025-06-24 15:00:00,电子产品,无线蓝牙耳机,3,299,897,733.98,163.02,东北,小程序,新客
SO-20250624-0376,2025-06-24 19:00:00,家居日用,水洗棉四件套,4,329,1316,1023.79,292.21,东北,线上商城,老客
SO-20250624-0377,2025-06-24 23:00:00,食品饮料,坚果礼盒,3,158,474,371.0,103.0,西南,小程序,会员
SO-20250625-0378,2025-06-25 20:00:00,服装鞋帽,牛仔裤,3,259,777,545.75,231.25,西南,线下门店,会员
SO-20250626-0379,2025-06-26 03:00:00,美妆个护,保湿精华,2,359,718,562.84,155.16,东北,小程序,老客
SO-20250626-0380,2025-06-26 19:00:00,服装鞋帽,牛仔裤,5,259,1295,729.29,565.71,东北,线上商城,新客
SO-20250627-0381,2025-06-27 09:00:00,服装鞋帽,轻薄羽绒服,4,899,3596,2225.51,1370.49,西南,线上商城,会员
SO-20250627-0382,2025-06-27 11:00:00,美妆个护,氨基酸洗面奶,2,89,178,110.4,67.6,华南,直播带货,新客
SO-20250627-0383,2025-06-27 14:00:00,电子产品,便携充电宝,1,129,129,90.23,38.77,华中,线上商城,老客
SO-20250629-0384,2025-06-29 18:00:00,食品饮料,坚果礼盒,2,158,316,175.87,140.13,东北,直播带货,新客
SO-20250630-0385,2025-06-30 01:00:00,美妆个护,氨基酸洗面奶,4,89,356,203.89,152.11,华南,线上商城,会员
SO-20250701-0386,2025-07-01 13:00:00,家居日用,水洗棉四件套,1,329,329,202.38,126.62,华东,线下门店,老客
SO-20250701-0387,2025-07-01 20:00:00,电子产品,机械键盘,5,499,2495,1995.94,499.06,西南,小程序,老客
SO-20250702-0388,2025-07-02 18:00:00,食品饮料,进口红酒,2,268,536,394.1,141.9,华中,小程序,新客
SO-20250703-0389,2025-07-03 23:00:00,美妆个护,口红,4,219,876,503.25,372.75,西南,直播带货,新客
SO-20250704-0390,2025-07-04 00:00:00,服装鞋帽,牛仔裤,1,259,259,179.64,79.36,东北,直播带货,新客
SO-20250704-0391,2025-07-04 01:00:00,家居日用,落地灯,5,199,995,791.35,203.65,华中,直播带货,老客
SO-20250704-0392,2025-07-04 07:00:00,服装鞋帽,运动鞋,4,399,1596,1117.84,478.16,华中,线下门店,老客
SO-20250704-0393,2025-07-04 20:00:00,美妆个护,保湿精华,1,359,359,247.9,111.1,华北,直播带货,会员
SO-20250704-0394,2025-07-04 20:00:00,电子产品,便携充电宝,4,129,516,320.51,195.49,华北,直播带货,老客
SO-20250705-0395,2025-07-05 13:00:00,电子产品,无线蓝牙耳机,3,299,897,591.2,305.8,东北,直播带货,新客
SO-20250705-0396,2025-07-05 21:00:00,电子产品,智能手表,5,1299,6495,5241.6,1253.4,华东,线下门店,会员
SO-20250705-0397,2025-07-05 21:00:00,家居日用,收纳箱,5,45,225,160.9,64.1,华东,线上商城,老客
SO-20250706-0398,2025-07-06 01:00:00,服装鞋帽,纯棉T恤,5,79,395,271.34,123.66,华东,直播带货,老客
SO-20250706-0399,2025-07-06 13:00:00,美妆个护,保湿精华,3,359,1077,608.16,468.84,华北,直播带货,老客
SO-20250706-0400,2025-07-06 23:00:00,电子产品,无线蓝牙耳机,3,299,897,555.97,341.03,华东,小程序,老客
SO-20250708-0401,2025-07-08 23:00:00,食品饮料,进口红酒,4,268,1072,820.93,251.07,华北,线上商城,老客
SO-20250709-0402,2025-07-09 04:00:00,服装鞋帽,纯棉T恤,1,79,79,45.58,33.42,西南,线上商城,新客
SO-20250709-0403,2025-07-09 09:00:00,服装鞋帽,纯棉T恤,5,79,395,303.63,91.37,华中,线上商城,新客
SO-20250709-0404,2025-07-09 19:00:00,电子产品,机械键盘,4,499,1996,1551.97,444.03,华东,直播带货,会员
SO-20250710-0405,2025-07-10 02:00:00,美妆个护,淡香水,3,499,1497,1174.28,322.72,东北,线上商城,老客
SO-20250710-0406,2025-07-10 04:00:00,服装鞋帽,轻薄羽绒服,3,899,2697,2169.72,527.28,华中,线上商城,新客
SO-20250710-0407,2025-07-10 13:00:00,家居日用,水洗棉四件套,4,329,1316,999.76,316.24,华中,线上商城,会员
SO-20250711-0408,2025-07-11 07:00:00,家居日用,落地灯,2,199,398,310.54,87.46,华北,线下门店,会员
SO-20250712-0409,2025-07-12 14:00:00,家居日用,收纳箱,3,45,135,83.72,51.28,华东,直播带货,新客
SO-20250713-0410,2025-07-13 07:00:00,家居日用,水洗棉四件套,1,329,329,243.73,85.27,华东,小程序,会员
SO-20250713-0411,2025-07-13 20:00:00,电子产品,机械键盘,1,499,499,341.5,157.5,西南,线上商城,老客
SO-20250713-0412,2025-07-13 22:00:00,服装鞋帽,纯棉T恤,3,79,237,180.22,56.78,华中,线上商城,会员
SO-20250714-0413,2025-07-14 00:00:00,服装鞋帽,轻薄羽绒服,5,899,4495,3050.11,1444.89,华东,直播带货,新客
SO-20250714-0414,2025-07-14 07:00:00,服装鞋帽,轻薄羽绒服,1,899,899,540.26,358.74,东北,线下门店,老客
SO-20250714-0415,2025-07-14 08:00:00,服装鞋帽,牛仔裤,3,259,777,585.85,191.15,华南,小程序,会员
SO-20250714-0416,2025-07-14 08:00:00,电子产品,机械键盘,2,499,998,743.99,254.01,东北,线上商城,新客
SO-20250714-0417,2025-07-14 10:00:00,美妆个护,氨基酸洗面奶,4,89,356,233.08,122.92,华中,线下门店,老客
SO-20250714-0418,2025-07-14 16:00:00,电子产品,智能手表,3,1299,3897,2484.08,1412.92,东北,线上商城,老客
SO-20250714-0419,2025-07-14 21:00:00,食品饮料,精品咖啡豆,4,108,432,322.88,109.12,华中,线下门店,老客
SO-20250715-0420,2025-07-15 05:00:00,美妆个护,保湿精华,4,359,1436,1144.85,291.15,东北,小程序,会员
SO-20250716-0421,2025-07-16 03:00:00,食品饮料,坚果礼盒,1,158,158,107.68,50.32,华北,线上商城,老客
SO-20250716-0422,2025-07-16 06:00:00,美妆个护,氨基酸洗面奶,2,89,178,127.65,50.35,华中,小程序,新客
SO-20250716-0423,2025-07-16 19:00:00,服装鞋帽,运动鞋,4,399,1596,887.81,708.19,华北,小程序,会员
SO-20250716-0424,2025-07-16 20:00:00,服装鞋帽,牛仔裤,2,259,518,317.91,200.09,华中,线上商城,会员
SO-20250716-0425,2025-07-16 21:00:00,服装鞋帽,牛仔裤,2,259,518,415.24,102.76,华中,线下门店,会员
SO-20250716-0426,2025-07-16 22:00:00,家居日用,落地灯,4,199,796,601.34,194.66,华南,线下门店,新客
SO-20250718-0427,2025-07-18 12:00:00,电子产品,无线蓝牙耳机,4,299,1196,797.62,398.38,华北,线下门店,新客
SO-20250718-0428,2025-07-18 17:00:00,电子产品,智能手表,3,1299,3897,2865.25,1031.75,华东,线上商城,老客
SO-20250718-0429,2025-07-18 21:00:00,服装鞋帽,轻薄羽绒服,5,899,4495,3420.47,1074.53,华东,直播带货,会员
SO-20250719-0430,2025-07-19 14:00:00,食品饮料,坚果礼盒,4,158,632,504.43,127.57,华北,线下门店,新客
SO-20250720-0431,2025-07-20 02:00:00,电子产品,便携充电宝,3,129,387,290.71,96.29,西南,线上商城,会员
SO-20250721-0432,2025-07-21 04:00:00,电子产品,机械键盘,2,499,998,701.36,296.64,华北,直播带货,会员
SO-20250721-0433,2025-07-21 13:00:00,服装鞋帽,纯棉T恤,3,79,237,151.73,85.27,华南,小程序,老客
SO-20250721-0434,2025-07-21 19:00:00,美妆个护,口红,2,219,438,252.37,185.63,华中,线下门店,会员
SO-20250722-0435,2025-07-22 12:00:00,服装鞋帽,纯棉T恤,1,79,79,47.76,31.24,华东,直播带货,老客
SO-20250722-0436,2025-07-22 13:00:00,家居日用,落地灯,2,199,398,229.01,168.99,西南,线上商城,老客
SO-20250722-0437,2025-07-22 19:00:00,家居日用,水洗棉四件套,5,329,1645,1068.9,576.1,西南,小程序,新客
SO-20250722-0438,2025-07-22 20:00:00,食品饮料,进口红酒,5,268,1340,860.99,479.01,华南,线上商城,会员
SO-20250722-0439,2025-07-22 22:00:00,美妆个护,淡香水,5,499,2495,1937.49,557.51,华中,线下门店,老客
SO-20250723-0440,2025-07-23 02:00:00,食品饮料,精品咖啡豆,3,108,324,223.02,100.98,东北,线下门店,新客
SO-20250723-0441,2025-07-23 19:00:00,美妆个护,保湿精华,1,359,359,248.48,110.52,华南,线上商城,会员
SO-20250725-0442,2025-07-25 07:00:00,食品饮料,有机牛奶,4,59,236,165.33,70.67,东北,线下门店,老客
SO-20250725-0443,2025-07-25 09:00:00,服装鞋帽,纯棉T恤,2,79,158,109.28,48.72,东北,线下门店,新客
SO-20250725-0444,2025-07-25 11:00:00,家居日用,香薰蜡烛,5,69,345,275.37,69.63,华中,直播带货,新客
SO-20250725-0445,2025-07-25 14:00:00,服装鞋帽,纯棉T恤,2,79,158,102.6,55.4,华中,小程序,新客
SO-20250726-0446,2025-07-26 04:00:00,电子产品,无线蓝牙耳机,1,299,299,210.66,88.34,华北,直播带货,会员
SO-20250726-0447,2025-07-26 22:00:00,食品饮料,坚果礼盒,3,158,474,339.32,134.68,华北,直播带货,老客
SO-20250727-0448,2025-07-27 11:00:00,电子产品,智能手表,3,1299,3897,3135.04,761.96,东北,直播带货,老客
SO-20250727-0449,2025-07-27 14:00:00,食品饮料,精品咖啡豆,4,108,432,320.41,111.59,华中,小程序,会员
SO-20250728-0450,2025-07-28 07:00:00,美妆个护,保湿精华,2,359,718,424.1,293.9,华东,线上商城,新客
SO-20250728-0451,2025-07-28 19:00:00,电子产品,智能手表,1,1299,1299,800.75,498.25,华东,线下门店,老客
SO-20250728-0452,2025-07-28 22:00:00,服装鞋帽,轻薄羽绒服,5,899,4495,2648.39,1846.61,华南,线下门店,老客
SO-20250730-0453,2025-07-30 02:00:00,家居日用,落地灯,1,199,199,154.18,44.82,华南,线上商城,老客
SO-20250731-0454,2025-07-31 02:00:00,家居日用,水洗棉四件套,4,329,1316,915.38,400.62,东北,直播带货,老客
SO-20250731-0455,2025-07-31 13:00:00,电子产品,机械键盘,3,499,1497,1178.29,318.71,华北,线上商城,新客
SO-20250801-0456,2025-08-01 06:00:00,电子产品,智能手表,3,1299,3897,2966.38,930.62,华中,线上商城,会员
SO-20250801-0457,2025-08-01 07:00:00,电子产品,无线蓝牙耳机,5,299,1495,831.02,663.98,华东,线下门店,新客
SO-20250801-0458,2025-08-01 10:00:00,食品饮料,坚果礼盒,2,158,316,216.54,99.46,华东,直播带货,会员
SO-20250801-0459,2025-08-01 16:00:00,服装鞋帽,纯棉T恤,1,79,79,49.54,29.46,华中,小程序,老客
SO-20250802-0460,2025-08-02 05:00:00,电子产品,机械键盘,2,499,998,746.99,251.01,华中,直播带货,会员
SO-20250802-0461,2025-08-02 14:00:00,美妆个护,氨基酸洗面奶,4,89,356,258.98,97.02,西南,小程序,新客
SO-20250803-0462,2025-08-03 07:00:00,食品饮料,有机牛奶,2,59,118,91.99,26.01,华北,直播带货,老客
SO-20250803-0463,2025-08-03 13:00:00,家居日用,水洗棉四件套,2,329,658,403.22,254.78,西南,线上商城,新客
SO-20250803-0464,2025-08-03 20:00:00,美妆个护,氨基酸洗面奶,5,89,445,359.25,85.75,华东,直播带货,新客
SO-20250804-0465,2025-08-04 02:00:00,家居日用,香薰蜡烛,1,69,69,44.63,24.37,华中,直播带货,老客
SO-20250804-0466,2025-08-04 11:00:00,美妆个护,口红,4,219,876,575.68,300.32,华东,直播带货,老客
SO-20250805-0467,2025-08-05 01:00:00,电子产品,机械键盘,1,499,499,406.49,92.51,华北,小程序,会员
SO-20250805-0468,2025-08-05 07:00:00,服装鞋帽,运动鞋,2,399,798,598.84,199.16,华北,线上商城,老客
SO-20250805-0469,2025-08-05 14:00:00,美妆个护,淡香水,2,499,998,708.25,289.75,华南,直播带货,会员
SO-20250805-0470,2025-08-05 16:00:00,电子产品,机械键盘,3,499,1497,1139.68,357.32,东北,线下门店,会员
SO-20250806-0471,2025-08-06 15:00:00,食品饮料,精品咖啡豆,3,108,324,201.3,122.7,华中,线上商城,新客
SO-20250807-0472,2025-08-07 01:00:00,美妆个护,淡香水,1,499,499,364.58,134.42,东北,线上商城,老客
SO-20250807-0473,2025-08-07 07:00:00,电子产品,智能手表,1,1299,1299,788.9,510.1,东北,线下门店,老客
SO-20250807-0474,2025-08-07 11:00:00,服装鞋帽,纯棉T恤,1,79,79,51.0,28.0,华中,线上商城,老客
SO-20250807-0475,2025-08-07 18:00:00,电子产品,便携充电宝,1,129,129,104.15,24.85,东北,直播带货,老客
SO-20250808-0476,2025-08-08 07:00:00,家居日用,水洗棉四件套,2,329,658,383.16,274.84,西南,直播带货,老客
SO-20250808-0477,2025-08-08 18:00:00,美妆个护,淡香水,2,499,998,584.95,413.05,华北,小程序,会员
SO-20250809-0478,2025-08-09 12:00:00,食品饮料,精品咖啡豆,5,108,540,440.84,99.16,西南,小程序,新客
SO-20250810-0479,2025-08-10 03:00:00,电子产品,无线蓝牙耳机,5,299,1495,1145.77,349.23,东北,线上商城,新客
SO-20250810-0480,2025-08-10 04:00:00,服装鞋帽,轻薄羽绒服,4,899,3596,2820.31,775.69,华中,小程序,新客
SO-20250811-0481,2025-08-11 15:00:00,美妆个护,淡香水,3,499,1497,875.55,621.45,西南,线下门店,新客
SO-20250811-0482,2025-08-11 19:00:00,美妆个护,保湿精华,2,359,718,548.22,169.78,东北,线下门店,新客
SO-20250812-0483,2025-08-12 03:00:00,食品饮料,进口红酒,3,268,804,618.02,185.98,华中,直播带货,新客
SO-20250812-0484,2025-08-12 23:00:00,家居日用,香薰蜡烛,1,69,69,43.13,25.87,华中,线上商城,会员
SO-20250813-0485,2025-08-13 16:00:00,美妆个护,保湿精华,1,359,359,237.42,121.58,东北,线上商城,新客
SO-20250814-0486,2025-08-14 01:00:00,家居日用,收纳箱,4,45,180,130.71,49.29,华南,线上商城,会员
SO-20250814-0487,2025-08-14 01:00:00,食品饮料,进口红酒,4,268,1072,674.09,397.91,华北,线上商城,新客
SO-20250815-0488,2025-08-15 04:00:00,食品饮料,坚果礼盒,1,158,158,126.49,31.51,东北,直播带货,会员
SO-20250815-0489,2025-08-15 04:00:00,电子产品,机械键盘,1,499,499,315.04,183.96,华北,直播带货,会员
SO-20250815-0490,2025-08-15 06:00:00,服装鞋帽,轻薄羽绒服,1,899,899,663.57,235.43,华中,线下门店,会员
SO-20250815-0491,2025-08-15 08:00:00,服装鞋帽,轻薄羽绒服,3,899,2697,1948.82,748.18,西南,小程序,老客
SO-20250816-0492,2025-08-16 12:00:00,美妆个护,保湿精华,4,359,1436,1041.87,394.13,华东,小程序,会员
SO-20250816-0493,2025-08-16 14:00:00,食品饮料,进口红酒,1,268,268,157.17,110.83,华南,小程序,老客
SO-20250817-0494,2025-08-17 07:00:00,家居日用,落地灯,2,199,398,253.34,144.66,华中,线下门店,老客
SO-20250818-0495,2025-08-18 09:00:00,美妆个护,氨基酸洗面奶,1,89,89,59.07,29.93,华东,线上商城,新客
SO-20250819-0496,2025-08-19 13:00:00,美妆个护,淡香水,2,499,998,753.17,244.83,华中,直播带货,新客
SO-20250819-0497,2025-08-19 20:00:00,电子产品,智能手表,3,1299,3897,2311.17,1585.83,华中,小程序,会员
SO-20250820-0498,2025-08-20 11:00:00,美妆个护,淡香水,5,499,2495,1661.26,833.74,华东,直播带货,老客
SO-20250820-0499,2025-08-20 15:00:00,家居日用,收纳箱,3,45,135,89.26,45.74,华东,直播带货,会员
SO-20250820-0500,2025-08-20 16:00:00,电子产品,机械键盘,3,499,1497,1047.1,449.9,华东,小程序,会员
SO-20250821-0501,2025-08-21 19:00:00,家居日用,水洗棉四件套,1,329,329,212.17,116.83,华南,线上商城,会员
SO-20250821-0502,2025-08-21 20:00:00,美妆个护,口红,3,219,657,513.24,143.76,华中,小程序,新客
SO-20250822-0503,2025-08-22 00:00:00,食品饮料,有机牛奶,2,59,118,81.53,36.47,东北,小程序,老客
SO-20250822-0504,2025-08-22 05:00:00,电子产品,便携充电宝,2,129,258,201.81,56.19,华北,线下门店,新客
SO-20250822-0505,2025-08-22 10:00:00,家居日用,落地灯,4,199,796,495.07,300.93,华东,线上商城,老客
SO-20250822-0506,2025-08-22 13:00:00,食品饮料,进口红酒,1,268,268,165.11,102.89,华南,小程序,会员
SO-20250822-0507,2025-08-22 17:00:00,美妆个护,口红,1,219,219,153.42,65.58,华中,直播带货,会员
SO-20250823-0508,2025-08-23 12:00:00,食品饮料,坚果礼盒,3,158,474,331.37,142.63,东北,线下门店,新客
SO-20250823-0509,2025-08-23 16:00:00,服装鞋帽,运动鞋,4,399,1596,1251.48,344.52,西南,线下门店,老客
SO-20250825-0510,2025-08-25 07:00:00,食品饮料,进口红酒,2,268,536,314.34,221.66,华北,直播带货,新客
SO-20250825-0511,2025-08-25 16:00:00,食品饮料,精品咖啡豆,5,108,540,411.14,128.86,西南,小程序,会员
SO-20250826-0512,2025-08-26 03:00:00,电子产品,便携充电宝,4,129,516,345.11,170.89,西南,线下门店,老客
SO-20250826-0513,2025-08-26 04:00:00,服装鞋帽,轻薄羽绒服,5,899,4495,2800.51,1694.49,西南,直播带货,老客
SO-20250826-0514,2025-08-26 12:00:00,服装鞋帽,纯棉T恤,5,79,395,236.39,158.61,华北,线上商城,老客
SO-20250826-0515,2025-08-26 13:00:00,服装鞋帽,运动鞋,1,399,399,233.26,165.74,华南,线下门店,会员
SO-20250826-0516,2025-08-26 16:00:00,服装鞋帽,纯棉T恤,3,79,237,156.57,80.43,华南,线上商城,会员
SO-20250826-0517,2025-08-26 19:00:00,食品饮料,进口红酒,1,268,268,157.15,110.85,东北,线上商城,新客
SO-20250826-0518,2025-08-26 22:00:00,家居日用,收纳箱,3,45,135,87.97,47.03,东北,线上商城,会员
SO-20250827-0519,2025-08-27 04:00:00,家居日用,水洗棉四件套,5,329,1645,1087.67,557.33,华北,线上商城,会员
SO-20250827-0520,2025-08-27 04:00:00,美妆个护,淡香水,3,499,1497,1148.48,348.52,西南,小程序,会员
SO-20250827-0521,2025-08-27 13:00:00,美妆个护,保湿精华,5,359,1795,1204.73,590.27,东北,直播带货,新客
SO-20250827-0522,2025-08-27 19:00:00,美妆个护,氨基酸洗面奶,4,89,356,228.61,127.39,华中,小程序,会员
SO-20250827-0523,2025-08-27 20:00:00,电子产品,无线蓝牙耳机,1,299,299,218.41,80.59,华北,线下门店,老客
SO-20250829-0524,2025-08-29 02:00:00,家居日用,水洗棉四件套,5,329,1645,1307.51,337.49,华北,线上商城,老客
SO-20250830-0525,2025-08-30 01:00:00,食品饮料,有机牛奶,3,59,177,122.77,54.23,华南,线下门店,会员
SO-20250831-0526,2025-08-31 11:00:00,美妆个护,淡香水,2,499,998,687.88,310.12,东北,线下门店,会员
SO-20250901-0527,2025-09-01 09:00:00,电子产品,智能手表,5,1299,6495,4237.1,2257.9,西南,直播带货,会员
SO-20250901-0528,2025-09-01 22:00:00,食品饮料,精品咖啡豆,4,108,432,281.54,150.46,华中,小程序,新客
SO-20250904-0529,2025-09-04 07:00:00,电子产品,便携充电宝,4,129,516,345.75,170.25,华北,直播带货,新客
SO-20250904-0530,2025-09-04 09:00:00,美妆个护,淡香水,1,499,499,285.88,213.12,华北,直播带货,会员
SO-20250905-0531,2025-09-05 10:00:00,美妆个护,口红,3,219,657,479.66,177.34,东北,直播带货,新客
SO-20250905-0532,2025-09-05 21:00:00,服装鞋帽,牛仔裤,3,259,777,518.05,258.95,华东,线下门店,新客
SO-20250906-0533,2025-09-06 05:00:00,食品饮料,坚果礼盒,5,158,790,573.98,216.02,华中,线上商城,会员
SO-20250906-0534,2025-09-06 08:00:00,家居日用,水洗棉四件套,5,329,1645,1154.66,490.34,华东,线上商城,老客
SO-20250906-0535,2025-09-06 14:00:00,电子产品,便携充电宝,1,129,129,79.59,49.41,东北,线上商城,会员
SO-20250907-0536,2025-09-07 03:00:00,家居日用,落地灯,1,199,199,117.48,81.52,华北,线下门店,新客
SO-20250907-0537,2025-09-07 05:00:00,美妆个护,口红,2,219,438,282.9,155.1,华北,小程序,老客
SO-20250907-0538,2025-09-07 15:00:00,电子产品,便携充电宝,2,129,258,182.87,75.13,华北,直播带货,老客
SO-20250908-0539,2025-09-08 02:00:00,食品饮料,精品咖啡豆,3,108,324,226.22,97.78,东北,线下门店,老客
SO-20250909-0540,2025-09-09 13:00:00,美妆个护,口红,3,219,657,497.7,159.3,东北,直播带货,老客
SO-20250909-0541,2025-09-09 20:00:00,服装鞋帽,运动鞋,1,399,399,266.97,132.03,华北,小程序,老客
SO-20250910-0542,2025-09-10 13:00:00,美妆个护,淡香水,4,499,1996,1539.61,456.39,西南,线上商城,会员
SO-20250911-0543,2025-09-11 21:00:00,电子产品,机械键盘,2,499,998,586.36,411.64,华中,线下门店,会员
SO-20250912-0544,2025-09-12 03:00:00,美妆个护,保湿精华,3,359,1077,722.09,354.91,华东,直播带货,新客
SO-20250912-0545,2025-09-12 21:00:00,家居日用,落地灯,5,199,995,812.33,182.67,华中,直播带货,新客
SO-20250913-0546,2025-09-13 11:00:00,美妆个护,氨基酸洗面奶,3,89,267,200.9,66.1,华南,小程序,新客
SO-20250913-0547,2025-09-13 11:00:00,家居日用,水洗棉四件套,5,329,1645,966.19,678.81,华中,小程序,新客
SO-20250915-0548,2025-09-15 01:00:00,电子产品,智能手表,3,1299,3897,2276.52,1620.48,华中,线上商城,老客
SO-20250915-0549,2025-09-15 17:00:00,美妆个护,保湿精华,1,359,359,290.44,68.56,华中,直播带货,老客
SO-20250915-0550,2025-09-15 18:00:00,家居日用,香薰蜡烛,1,69,69,53.36,15.64,东北,直播带货,老客
SO-20250916-0551,2025-09-16 03:00:00,食品饮料,有机牛奶,4,59,236,192.75,43.25,华南,线下门店,老客
SO-20250916-0552,2025-09-16 06:00:00,家居日用,水洗棉四件套,1,329,329,257.57,71.43,东北,线上商城,新客
SO-20250916-0553,2025-09-16 07:00:00,美妆个护,口红,4,219,876,671.34,204.66,西南,小程序,新客
SO-20250917-0554,2025-09-17 05:00:00,电子产品,无线蓝牙耳机,5,299,1495,1165.89,329.11,西南,线下门店,会员
SO-20250917-0555,2025-09-17 15:00:00,电子产品,智能手表,3,1299,3897,2162.75,1734.25,华南,直播带货,老客
SO-20250917-0556,2025-09-17 16:00:00,服装鞋帽,牛仔裤,3,259,777,461.7,315.3,华东,直播带货,会员
SO-20250918-0557,2025-09-18 15:00:00,美妆个护,淡香水,3,499,1497,994.12,502.88,西南,直播带货,老客
SO-20250919-0558,2025-09-19 05:00:00,服装鞋帽,运动鞋,4,399,1596,1216.84,379.16,华东,线上商城,会员
SO-20250919-0559,2025-09-19 17:00:00,电子产品,机械键盘,4,499,1996,1346.71,649.29,华东,线下门店,老客
SO-20250919-0560,2025-09-19 21:00:00,电子产品,便携充电宝,5,129,645,487.3,157.7,华中,小程序,新客
SO-20250920-0561,2025-09-20 02:00:00,电子产品,便携充电宝,2,129,258,172.74,85.26,华北,线上商城,会员
SO-20250920-0562,2025-09-20 04:00:00,电子产品,机械键盘,5,499,2495,1767.13,727.87,华北,直播带货,会员
SO-20250920-0563,2025-09-20 07:00:00,美妆个护,淡香水,1,499,499,280.83,218.17,东北,线上商城,新客
SO-20250920-0564,2025-09-20 10:00:00,电子产品,无线蓝牙耳机,3,299,897,588.3,308.7,华南,线下门店,会员
SO-20250920-0565,2025-09-20 13:00:00,美妆个护,口红,5,219,1095,864.66,230.34,西南,直播带货,老客
SO-20250920-0566,2025-09-20 16:00:00,食品饮料,进口红酒,1,268,268,206.9,61.1,西南,小程序,会员
SO-20250921-0567,2025-09-21 11:00:00,美妆个护,保湿精华,4,359,1436,855.28,580.72,华中,线下门店,会员
SO-20250921-0568,2025-09-21 16:00:00,家居日用,落地灯,3,199,597,475.86,121.14,东北,线下门店,会员
SO-20250921-0569,2025-09-21 19:00:00,家居日用,水洗棉四件套,5,329,1645,1114.6,530.4,西南,小程序,新客
SO-20250922-0570,2025-09-22 00:00:00,食品饮料,坚果礼盒,2,158,316,216.97,99.03,华东,线下门店,老客
SO-20250922-0571,2025-09-22 01:00:00,家居日用,收纳箱,1,45,45,36.12,8.88,华东,线下门店,会员
SO-20250922-0572,2025-09-22 10:00:00,电子产品,便携充电宝,1,129,129,98.11,30.89,华北,线上商城,会员
SO-20250922-0573,2025-09-22 15:00:00,食品饮料,精品咖啡豆,4,108,432,296.96,135.04,东北,直播带货,老客
SO-20250923-0574,2025-09-23 21:00:00,家居日用,水洗棉四件套,1,329,329,184.79,144.21,东北,线上商城,会员
SO-20250923-0575,2025-09-23 23:00:00,食品饮料,坚果礼盒,2,158,316,235.27,80.73,西南,小程序,老客
SO-20250924-0576,2025-09-24 08:00:00,家居日用,落地灯,1,199,199,139.16,59.84,东北,线下门店,老客
SO-20250924-0577,2025-09-24 09:00:00,电子产品,无线蓝牙耳机,5,299,1495,1126.83,368.17,东北,线上商城,老客
SO-20250925-0578,2025-09-25 14:00:00,美妆个护,淡香水,1,499,499,324.16,174.84,东北,线上商城,老客
SO-20250925-0579,2025-09-25 17:00:00,服装鞋帽,运动鞋,5,399,1995,1570.38,424.62,西南,直播带货,老客
SO-20250926-0580,2025-09-26 03:00:00,食品饮料,精品咖啡豆,5,108,540,325.15,214.85,华东,直播带货,新客
SO-20250926-0581,2025-09-26 19:00:00,家居日用,水洗棉四件套,4,329,1316,964.7,351.3,华南,小程序,会员
SO-20250927-0582,2025-09-27 07:00:00,食品饮料,坚果礼盒,3,158,474,293.65,180.35,华南,线下门店,新客
SO-20250927-0583,2025-09-27 21:00:00,电子产品,机械键盘,4,499,1996,1529.41,466.59,华北,线上商城,会员
SO-20250928-0584,2025-09-28 06:00:00,服装鞋帽,牛仔裤,3,259,777,502.8,274.2,华南,小程序,新客
SO-20250928-0585,2025-09-28 06:00:00,家居日用,水洗棉四件套,2,329,658,526.58,131.42,东北,线上商城,会员
SO-20250928-0586,2025-09-28 16:00:00,电子产品,机械键盘,5,499,2495,1688.03,806.97,东北,线上商城,会员
SO-20250930-0587,2025-09-30 13:00:00,服装鞋帽,纯棉T恤,1,79,79,47.61,31.39,华东,小程序,会员
SO-20250930-0588,2025-09-30 18:00:00,服装鞋帽,轻薄羽绒服,1,899,899,711.62,187.38,华中,直播带货,老客
SO-20251002-0589,2025-10-02 00:00:00,服装鞋帽,轻薄羽绒服,2,899,1798,1271.65,526.35,东北,线上商城,会员
SO-20251002-0590,2025-10-02 01:00:00,家居日用,收纳箱,1,45,45,34.39,10.61,华中,线上商城,新客
SO-20251002-0591,2025-10-02 02:00:00,家居日用,落地灯,5,199,995,690.01,304.99,西南,线上商城,新客
SO-20251002-0592,2025-10-02 03:00:00,家居日用,收纳箱,3,45,135,98.04,36.96,东北,小程序,新客
SO-20251002-0593,2025-10-02 05:00:00,家居日用,收纳箱,4,45,180,102.6,77.4,华北,线上商城,老客
SO-20251002-0594,2025-10-02 07:00:00,家居日用,水洗棉四件套,4,329,1316,766.05,549.95,华中,线上商城,老客
SO-20251003-0595,2025-10-03 04:00:00,美妆个护,氨基酸洗面奶,3,89,267,192.92,74.08,华东,小程序,会员
SO-20251004-0596,2025-10-04 02:00:00,食品饮料,精品咖啡豆,1,108,108,74.42,33.58,华北,线下门店,老客
SO-20251004-0597,2025-10-04 16:00:00,食品饮料,坚果礼盒,3,158,474,380.94,93.06,华北,小程序,会员
SO-20251005-0598,2025-10-05 03:00:00,电子产品,无线蓝牙耳机,1,299,299,209.17,89.83,华南,线上商城,会员
SO-20251005-0599,2025-10-05 08:00:00,美妆个护,口红,5,219,1095,832.38,262.62,华南,直播带货,老客
SO-20251006-0600,2025-10-06 07:00:00,家居日用,香薰蜡烛,5,69,345,214.95,130.05,华中,直播带货,老客
SO-20251006-0601,2025-10-06 09:00:00,电子产品,智能手表,1,1299,1299,951.3,347.7,华中,小程序,会员
SO-20251006-0602,2025-10-06 12:00:00,服装鞋帽,牛仔裤,4,259,1036,772.81,263.19,西南,直播带货,会员
SO-20251006-0603,2025-10-06 22:00:00,食品饮料,有机牛奶,4,59,236,142.53,93.47,华南,直播带货,新客
SO-20251007-0604,2025-10-07 03:00:00,电子产品,智能手表,2,1299,2598,2043.88,554.12,华中,线下门店,新客
SO-20251007-0605,2025-10-07 08:00:00,电子产品,无线蓝牙耳机,4,299,1196,689.1,506.9,华东,线下门店,会员
SO-20251008-0606,2025-10-08 17:00:00,服装鞋帽,牛仔裤,3,259,777,574.49,202.51,东北,小程序,老客
SO-20251008-0607,2025-10-08 22:00:00,家居日用,水洗棉四件套,4,329,1316,825.0,491.0,华中,小程序,老客
SO-20251009-0608,2025-10-09 02:00:00,电子产品,无线蓝牙耳机,4,299,1196,915.89,280.11,华中,小程序,老客
SO-20251009-0609,2025-10-09 03:00:00,美妆个护,氨基酸洗面奶,5,89,445,302.53,142.47,华南,直播带货,老客
SO-20251009-0610,2025-10-09 17:00:00,家居日用,收纳箱,5,45,225,146.77,78.23,华南,小程序,新客
SO-20251009-0611,2025-10-09 17:00:00,家居日用,香薰蜡烛,4,69,276,179.99,96.01,华中,线下门店,会员
SO-20251012-0612,2025-10-12 12:00:00,服装鞋帽,牛仔裤,3,259,777,562.14,214.86,西南,线下门店,会员
SO-20251012-0613,2025-10-12 21:00:00,食品饮料,坚果礼盒,3,158,474,368.36,105.64,西南,直播带货,新客
SO-20251012-0614,2025-10-12 22:00:00,美妆个护,氨基酸洗面奶,5,89,445,308.72,136.28,西南,线下门店,老客
SO-20251012-0615,2025-10-12 23:00:00,食品饮料,进口红酒,2,268,536,361.21,174.79,西南,小程序,新客
SO-20251013-0616,2025-10-13 17:00:00,家居日用,水洗棉四件套,1,329,329,264.66,64.34,华南,线上商城,会员
SO-20251015-0617,2025-10-15 02:00:00,电子产品,智能手表,4,1299,5196,3184.05,2011.95,西南,线上商城,老客
SO-20251015-0618,2025-10-15 05:00:00,家居日用,收纳箱,1,45,45,29.8,15.2,华东,线上商城,老客
SO-20251015-0619,2025-10-15 23:00:00,美妆个护,口红,4,219,876,651.36,224.64,华北,小程序,新客
SO-20251016-0620,2025-10-16 01:00:00,食品饮料,坚果礼盒,4,158,632,504.36,127.64,华南,线上商城,会员
SO-20251016-0621,2025-10-16 14:00:00,美妆个护,保湿精华,3,359,1077,671.05,405.95,华北,线下门店,新客
SO-20251016-0622,2025-10-16 22:00:00,家居日用,香薰蜡烛,1,69,69,39.54,29.46,华南,直播带货,新客
SO-20251017-0623,2025-10-17 10:00:00,家居日用,水洗棉四件套,1,329,329,256.26,72.74,华中,线下门店,会员
SO-20251017-0624,2025-10-17 15:00:00,美妆个护,淡香水,3,499,1497,1004.07,492.93,西南,直播带货,老客
SO-20251017-0625,2025-10-17 22:00:00,电子产品,便携充电宝,4,129,516,307.89,208.11,西南,线上商城,会员
SO-20251018-0626,2025-10-18 20:00:00,电子产品,机械键盘,1,499,499,275.44,223.56,华中,线下门店,老客
SO-20251019-0627,2025-10-19 02:00:00,食品饮料,有机牛奶,3,59,177,138.91,38.09,西南,小程序,老客
SO-20251019-0628,2025-10-19 13:00:00,服装鞋帽,轻薄羽绒服,5,899,4495,3278.82,1216.18,华南,线下门店,新客
SO-20251019-0629,2025-10-19 22:00:00,家居日用,收纳箱,2,45,90,57.14,32.86,西南,线下门店,老客
SO-20251020-0630,2025-10-20 05:00:00,家居日用,水洗棉四件套,3,329,987,707.48,279.52,西南,线下门店,老客
SO-20251020-0631,2025-10-20 06:00:00,美妆个护,氨基酸洗面奶,1,89,89,69.22,19.78,东北,线上商城,会员
SO-20251020-0632,2025-10-20 11:00:00,食品饮料,有机牛奶,5,59,295,175.82,119.18,东北,直播带货,老客
SO-20251020-0633,2025-10-20 18:00:00,食品饮料,有机牛奶,4,59,236,188.85,47.15,东北,小程序,老客
SO-20251020-0634,2025-10-20 19:00:00,电子产品,机械键盘,2,499,998,677.81,320.19,华东,直播带货,新客
SO-20251021-0635,2025-10-21 14:00:00,电子产品,机械键盘,4,499,1996,1349.68,646.32,西南,线下门店,会员
SO-20251022-0636,2025-10-22 02:00:00,食品饮料,有机牛奶,2,59,118,72.78,45.22,西南,小程序,会员
SO-20251022-0637,2025-10-22 02:00:00,电子产品,智能手表,3,1299,3897,3085.23,811.77,西南,线上商城,会员
SO-20251022-0638,2025-10-22 04:00:00,电子产品,智能手表,2,1299,2598,1489.79,1108.21,华南,线上商城,老客
SO-20251022-0639,2025-10-22 08:00:00,电子产品,机械键盘,4,499,1996,1264.04,731.96,华东,线下门店,老客
SO-20251023-0640,2025-10-23 18:00:00,服装鞋帽,运动鞋,4,399,1596,1040.62,555.38,东北,小程序,新客
SO-20251024-0641,2025-10-24 10:00:00,食品饮料,坚果礼盒,4,158,632,433.9,198.1,华东,小程序,老客
SO-20251024-0642,2025-10-24 10:00:00,服装鞋帽,牛仔裤,2,259,518,405.28,112.72,华东,直播带货,老客
SO-20251024-0643,2025-10-24 15:00:00,美妆个护,氨基酸洗面奶,4,89,356,284.49,71.51,东北,小程序,老客
SO-20251025-0644,2025-10-25 02:00:00,食品饮料,坚果礼盒,3,158,474,282.07,191.93,华北,线上商城,新客
SO-20251025-0645,2025-10-25 06:00:00,服装鞋帽,轻薄羽绒服,5,899,4495,2757.77,1737.23,东北,直播带货,老客
SO-20251025-0646,2025-10-25 08:00:00,食品饮料,进口红酒,2,268,536,425.42,110.58,华南,线下门店,老客
SO-20251027-0647,2025-10-27 00:00:00,服装鞋帽,牛仔裤,5,259,1295,884.57,410.43,华南,线下门店,新客
SO-20251027-0648,2025-10-27 12:00:00,服装鞋帽,运动鞋,3,399,1197,736.16,460.84,华北,直播带货,新客
SO-20251028-0649,2025-10-28 05:00:00,服装鞋帽,牛仔裤,3,259,777,435.11,341.89,华东,直播带货,会员
SO-20251028-0650,2025-10-28 08:00:00,家居日用,水洗棉四件套,2,329,658,397.14,260.86,华中,小程序,会员
SO-20251028-0651,2025-10-28 10:00:00,服装鞋帽,轻薄羽绒服,4,899,3596,2140.92,1455.08,华东,线上商城,新客
SO-20251029-0652,2025-10-29 07:00:00,食品饮料,坚果礼盒,3,158,474,329.37,144.63,华北,直播带货,新客
SO-20251029-0653,2025-10-29 16:00:00,食品饮料,进口红酒,5,268,1340,1096.99,243.01,华东,直播带货,老客
SO-20251029-0654,2025-10-29 18:00:00,电子产品,智能手表,2,1299,2598,1526.11,1071.89,华中,直播带货,新客
SO-20251030-0655,2025-10-30 11:00:00,电子产品,便携充电宝,3,129,387,283.06,103.94,华中,线上商城,老客
SO-20251030-0656,2025-10-30 15:00:00,家居日用,香薰蜡烛,3,69,207,129.34,77.66,东北,线上商城,老客
SO-20251031-0657,2025-10-31 17:00:00,食品饮料,进口红酒,3,268,804,527.97,276.03,华中,线下门店,会员
SO-20251101-0658,2025-11-01 04:00:00,服装鞋帽,轻薄羽绒服,1,899,899,733.93,165.07,华南,线上商城,会员
SO-20251101-0659,2025-11-01 10:00:00,家居日用,落地灯,1,199,199,146.06,52.94,华中,线上商城,会员
SO-20251102-0660,2025-11-02 01:00:00,电子产品,机械键盘,2,499,998,637.98,360.02,华南,小程序,会员
SO-20251102-0661,2025-11-02 13:00:00,家居日用,落地灯,2,199,398,314.33,83.67,华中,线上商城,老客
SO-20251102-0662,2025-11-02 18:00:00,美妆个护,淡香水,2,499,998,625.53,372.47,华中,直播带货,会员
SO-20251102-0663,2025-11-02 20:00:00,美妆个护,氨基酸洗面奶,5,89,445,249.57,195.43,华北,线上商城,新客
SO-20251104-0664,2025-11-04 13:00:00,电子产品,智能手表,1,1299,1299,828.05,470.95,华东,直播带货,新客
SO-20251104-0665,2025-11-04 13:00:00,家居日用,香薰蜡烛,3,69,207,165.23,41.77,华东,线下门店,新客
SO-20251104-0666,2025-11-04 23:00:00,食品饮料,坚果礼盒,4,158,632,373.48,258.52,华南,小程序,新客
SO-20251105-0667,2025-11-05 04:00:00,电子产品,机械键盘,3,499,1497,1128.95,368.05,华北,小程序,新客
SO-20251105-0668,2025-11-05 12:00:00,电子产品,便携充电宝,1,129,129,96.21,32.79,华中,直播带货,会员
SO-20251105-0669,2025-11-05 18:00:00,家居日用,水洗棉四件套,1,329,329,242.41,86.59,西南,直播带货,会员
SO-20251106-0670,2025-11-06 00:00:00,美妆个护,保湿精华,3,359,1077,708.43,368.57,华南,线上商城,新客
SO-20251106-0671,2025-11-06 15:00:00,家居日用,香薰蜡烛,2,69,138,84.38,53.62,西南,线上商城,会员
SO-20251106-0672,2025-11-06 19:00:00,美妆个护,淡香水,4,499,1996,1426.23,569.77,华南,线上商城,老客
SO-20251107-0673,2025-11-07 08:00:00,美妆个护,保湿精华,3,359,1077,774.61,302.39,华北,小程序,会员
SO-20251107-0674,2025-11-07 12:00:00,服装鞋帽,牛仔裤,3,259,777,441.48,335.52,东北,线下门店,新客
SO-20251107-0675,2025-11-07 12:00:00,电子产品,无线蓝牙耳机,1,299,299,199.67,99.33,华中,线上商城,新客
SO-20251107-0676,2025-11-07 19:00:00,电子产品,无线蓝牙耳机,4,299,1196,867.04,328.96,华东,小程序,会员
SO-20251108-0677,2025-11-08 02:00:00,电子产品,智能手表,2,1299,2598,1478.17,1119.83,华东,线下门店,会员
SO-20251108-0678,2025-11-08 11:00:00,食品饮料,精品咖啡豆,2,108,216,154.91,61.09,华北,线上商城,会员
SO-20251108-0679,2025-11-08 20:00:00,美妆个护,保湿精华,2,359,718,401.58,316.42,华南,小程序,会员
SO-20251108-0680,2025-11-08 22:00:00,食品饮料,进口红酒,4,268,1072,676.25,395.75,华南,直播带货,新客
SO-20251108-0681,2025-11-08 23:00:00,电子产品,无线蓝牙耳机,3,299,897,590.8,306.2,华中,小程序,会员
SO-20251109-0682,2025-11-09 07:00:00,电子产品,无线蓝牙耳机,3,299,897,734.95,162.05,华中,小程序,老客
SO-20251111-0683,2025-11-11 00:00:00,家居日用,水洗棉四件套,1,329,329,238.55,90.45,华北,直播带货,新客
SO-20251111-0684,2025-11-11 06:00:00,家居日用,收纳箱,4,45,180,120.31,59.69,华北,线下门店,会员
SO-20251112-0685,2025-11-12 02:00:00,服装鞋帽,轻薄羽绒服,2,899,1798,1221.85,576.15,华中,直播带货,新客
SO-20251112-0686,2025-11-12 09:00:00,美妆个护,氨基酸洗面奶,1,89,89,52.39,36.61,西南,直播带货,新客
SO-20251112-0687,2025-11-12 16:00:00,服装鞋帽,轻薄羽绒服,2,899,1798,1110.68,687.32,华北,线上商城,新客
SO-20251114-0688,2025-11-14 00:00:00,食品饮料,精品咖啡豆,1,108,108,61.5,46.5,东北,线下门店,新客
SO-20251114-0689,2025-11-14 07:00:00,电子产品,便携充电宝,5,129,645,464.28,180.72,东北,小程序,老客
SO-20251114-0690,2025-11-14 07:00:00,电子产品,机械键盘,2,499,998,648.15,349.85,西南,直播带货,新客
SO-20251115-0691,2025-11-15 10:00:00,电子产品,智能手表,3,1299,3897,2234.22,1662.78,东北,小程序,会员
SO-20251116-0692,2025-11-16 02:00:00,电子产品,无线蓝牙耳机,2,299,598,374.63,223.37,华东,小程序,新客
SO-20251116-0693,2025-11-16 15:00:00,服装鞋帽,运动鞋,1,399,399,325.77,73.23,华北,线下门店,新客
SO-20251117-0694,2025-11-17 06:00:00,美妆个护,淡香水,2,499,998,807.47,190.53,华北,线上商城,老客
SO-20251118-0695,2025-11-18 17:00:00,服装鞋帽,牛仔裤,4,259,1036,809.35,226.65,华东,线下门店,会员
SO-20251119-0696,2025-11-19 05:00:00,服装鞋帽,轻薄羽绒服,1,899,899,679.06,219.94,华南,小程序,会员
SO-20251119-0697,2025-11-19 12:00:00,美妆个护,淡香水,5,499,2495,1723.99,771.01,东北,小程序,老客
SO-20251119-0698,2025-11-19 12:00:00,美妆个护,保湿精华,4,359,1436,981.92,454.08,华东,线上商城,新客
SO-20251119-0699,2025-11-19 17:00:00,电子产品,无线蓝牙耳机,2,299,598,443.47,154.53,华北,线上商城,老客
SO-20251120-0700,2025-11-20 11:00:00,家居日用,落地灯,4,199,796,518.11,277.89,华东,小程序,会员
SO-20251120-0701,2025-11-20 13:00:00,食品饮料,有机牛奶,3,59,177,135.37,41.63,华北,线上商城,老客
SO-20251120-0702,2025-11-20 20:00:00,服装鞋帽,牛仔裤,2,259,518,358.68,159.32,华北,线上商城,会员
SO-20251120-0703,2025-11-20 21:00:00,美妆个护,淡香水,3,499,1497,1166.42,330.58,西南,小程序,新客
SO-20251121-0704,2025-11-21 02:00:00,电子产品,机械键盘,1,499,499,379.18,119.82,华南,小程序,新客
SO-20251121-0705,2025-11-21 20:00:00,美妆个护,口红,1,219,219,155.56,63.44,华南,线上商城,会员
SO-20251121-0706,2025-11-21 22:00:00,家居日用,水洗棉四件套,5,329,1645,1113.48,531.52,华中,直播带货,会员
SO-20251122-0707,2025-11-22 12:00:00,服装鞋帽,纯棉T恤,1,79,79,57.44,21.56,华南,小程序,新客
SO-20251122-0708,2025-11-22 23:00:00,食品饮料,有机牛奶,4,59,236,130.5,105.5,西南,线上商城,老客
SO-20251123-0709,2025-11-23 02:00:00,美妆个护,淡香水,2,499,998,688.71,309.29,华北,直播带货,新客
SO-20251124-0710,2025-11-24 13:00:00,美妆个护,口红,3,219,657,387.97,269.03,华南,线下门店,老客
SO-20251124-0711,2025-11-24 17:00:00,电子产品,智能手表,1,1299,1299,937.35,361.65,华北,线上商城,会员
SO-20251124-0712,2025-11-24 21:00:00,服装鞋帽,纯棉T恤,3,79,237,146.56,90.44,华北,小程序,老客
SO-20251126-0713,2025-11-26 08:00:00,服装鞋帽,牛仔裤,1,259,259,143.88,115.12,华东,线下门店,新客
SO-20251126-0714,2025-11-26 10:00:00,电子产品,无线蓝牙耳机,3,299,897,603.73,293.27,华中,线上商城,会员
SO-20251126-0715,2025-11-26 22:00:00,食品饮料,精品咖啡豆,4,108,432,338.56,93.44,东北,线下门店,老客
SO-20251127-0716,2025-11-27 15:00:00,家居日用,香薰蜡烛,1,69,69,56.03,12.97,华南,小程序,会员
SO-20251128-0717,2025-11-28 03:00:00,食品饮料,进口红酒,3,268,804,632.79,171.21,华中,线下门店,老客
SO-20251128-0718,2025-11-28 06:00:00,电子产品,机械键盘,2,499,998,765.2,232.8,西南,直播带货,老客
SO-20251128-0719,2025-11-28 15:00:00,服装鞋帽,牛仔裤,2,259,518,382.76,135.24,华北,直播带货,会员
SO-20251128-0720,2025-11-28 19:00:00,食品饮料,坚果礼盒,5,158,790,547.45,242.55,东北,小程序,新客
SO-20251128-0721,2025-11-28 22:00:00,电子产品,无线蓝牙耳机,5,299,1495,1087.15,407.85,华东,线上商城,新客
SO-20251129-0722,2025-11-29 19:00:00,美妆个护,口红,3,219,657,522.74,134.26,华中,直播带货,新客
SO-20251130-0723,2025-11-30 01:00:00,服装鞋帽,运动鞋,5,399,1995,1310.85,684.15,华北,小程序,新客
SO-20251130-0724,2025-11-30 03:00:00,美妆个护,保湿精华,3,359,1077,861.0,216.0,华南,线下门店,会员
SO-20251130-0725,2025-11-30 07:00:00,家居日用,收纳箱,3,45,135,81.82,53.18,西南,小程序,会员
SO-20251130-0726,2025-11-30 09:00:00,电子产品,无线蓝牙耳机,3,299,897,618.78,278.22,华南,直播带货,会员
SO-20251130-0727,2025-11-30 20:00:00,美妆个护,口红,1,219,219,133.85,85.15,西南,线下门店,新客
SO-20251201-0728,2025-12-01 02:00:00,电子产品,智能手表,3,1299,3897,2666.2,1230.8,华北,线上商城,新客
SO-20251201-0729,2025-12-01 14:00:00,美妆个护,保湿精华,2,359,718,568.16,149.84,华北,线下门店,新客
SO-20251201-0730,2025-12-01 15:00:00,服装鞋帽,纯棉T恤,1,79,79,50.31,28.69,东北,小程序,新客
SO-20251202-0731,2025-12-02 06:00:00,服装鞋帽,牛仔裤,2,259,518,307.58,210.42,华南,线下门店,新客
SO-20251202-0732,2025-12-02 07:00:00,食品饮料,精品咖啡豆,5,108,540,393.99,146.01,华中,线下门店,新客
SO-20251202-0733,2025-12-02 23:00:00,服装鞋帽,牛仔裤,3,259,777,493.86,283.14,华东,直播带货,老客
SO-20251203-0734,2025-12-03 06:00:00,美妆个护,淡香水,2,499,998,797.85,200.15,西南,线下门店,新客
SO-20251203-0735,2025-12-03 06:00:00,电子产品,无线蓝牙耳机,5,299,1495,929.1,565.9,东北,线下门店,新客
SO-20251203-0736,2025-12-03 09:00:00,家居日用,落地灯,3,199,597,407.9,189.1,西南,直播带货,会员
SO-20251203-0737,2025-12-03 20:00:00,食品饮料,精品咖啡豆,3,108,324,227.87,96.13,西南,小程序,会员
SO-20251204-0738,2025-12-04 21:00:00,电子产品,机械键盘,3,499,1497,904.73,592.27,西南,线下门店,老客
SO-20251206-0739,2025-12-06 10:00:00,服装鞋帽,运动鞋,4,399,1596,1167.32,428.68,东北,小程序,老客
SO-20251206-0740,2025-12-06 11:00:00,家居日用,水洗棉四件套,5,329,1645,1293.51,351.49,华东,线上商城,会员
SO-20251206-0741,2025-12-06 14:00:00,家居日用,落地灯,2,199,398,224.12,173.88,华北,直播带货,会员
SO-20251206-0742,2025-12-06 23:00:00,电子产品,便携充电宝,3,129,387,267.42,119.58,华南,直播带货,新客
SO-20251207-0743,2025-12-07 02:00:00,美妆个护,氨基酸洗面奶,2,89,178,100.31,77.69,华北,线上商城,会员
SO-20251208-0744,2025-12-08 22:00:00,服装鞋帽,运动鞋,1,399,399,245.41,153.59,华东,线上商城,新客
SO-20251209-0745,2025-12-09 10:00:00,电子产品,无线蓝牙耳机,5,299,1495,1070.02,424.98,西南,直播带货,老客
SO-20251209-0746,2025-12-09 13:00:00,电子产品,机械键盘,1,499,499,372.58,126.42,东北,直播带货,新客
SO-20251209-0747,2025-12-09 15:00:00,美妆个护,氨基酸洗面奶,4,89,356,228.93,127.07,东北,小程序,老客
SO-20251209-0748,2025-12-09 21:00:00,家居日用,落地灯,3,199,597,394.11,202.89,华东,线下门店,会员
SO-20251211-0749,2025-12-11 11:00:00,电子产品,机械键盘,5,499,2495,1393.91,1101.09,华北,线下门店,会员
SO-20251211-0750,2025-12-11 17:00:00,家居日用,水洗棉四件套,2,329,658,522.82,135.18,西南,线上商城,会员
SO-20251211-0751,2025-12-11 19:00:00,美妆个护,口红,3,219,657,403.01,253.99,华东,线上商城,老客
SO-20251212-0752,2025-12-12 13:00:00,家居日用,落地灯,4,199,796,572.07,223.93,西南,线上商城,老客
SO-20251213-0753,2025-12-13 01:00:00,美妆个护,氨基酸洗面奶,4,89,356,204.6,151.4,西南,直播带货,老客
SO-20251213-0754,2025-12-13 16:00:00,食品饮料,精品咖啡豆,4,108,432,324.91,107.09,华北,线下门店,老客
SO-20251214-0755,2025-12-14 07:00:00,美妆个护,淡香水,2,499,998,586.67,411.33,东北,线下门店,新客
SO-20251214-0756,2025-12-14 13:00:00,服装鞋帽,纯棉T恤,1,79,79,53.73,25.27,东北,线下门店,新客
SO-20251216-0757,2025-12-16 20:00:00,服装鞋帽,纯棉T恤,1,79,79,53.74,25.26,华北,线下门店,新客
SO-20251217-0758,2025-12-17 06:00:00,服装鞋帽,轻薄羽绒服,4,899,3596,2329.09,1266.91,华东,直播带货,新客
SO-20251218-0759,2025-12-18 13:00:00,食品饮料,进口红酒,2,268,536,407.97,128.03,华北,线下门店,新客
SO-20251219-0760,2025-12-19 09:00:00,服装鞋帽,轻薄羽绒服,2,899,1798,1456.68,341.32,华中,线下门店,会员
SO-20251219-0761,2025-12-19 16:00:00,服装鞋帽,运动鞋,1,399,399,300.93,98.07,东北,直播带货,会员
SO-20251219-0762,2025-12-19 22:00:00,电子产品,机械键盘,3,499,1497,1031.19,465.81,东北,线下门店,老客
SO-20251220-0763,2025-12-20 09:00:00,美妆个护,保湿精华,1,359,359,275.09,83.91,东北,线上商城,会员
SO-20251220-0764,2025-12-20 23:00:00,美妆个护,口红,4,219,876,667.4,208.6,华北,线下门店,老客
SO-20251221-0765,2025-12-21 03:00:00,家居日用,落地灯,3,199,597,380.05,216.95,华北,线上商城,老客
SO-20251221-0766,2025-12-21 08:00:00,食品饮料,坚果礼盒,2,158,316,206.28,109.72,华中,直播带货,会员
SO-20251221-0767,2025-12-21 13:00:00,服装鞋帽,运动鞋,1,399,399,279.03,119.97,华北,直播带货,会员
SO-20251221-0768,2025-12-21 18:00:00,食品饮料,进口红酒,5,268,1340,826.46,513.54,华南,线上商城,会员
SO-20251222-0769,2025-12-22 11:00:00,美妆个护,氨基酸洗面奶,3,89,267,216.86,50.14,华南,线下门店,老客
SO-20251222-0770,2025-12-22 13:00:00,家居日用,收纳箱,1,45,45,36.36,8.64,东北,线下门店,会员
SO-20251223-0771,2025-12-23 02:00:00,美妆个护,口红,2,219,438,264.8,173.2,华南,直播带货,老客
SO-20251224-0772,2025-12-24 06:00:00,美妆个护,口红,1,219,219,136.77,82.23,华北,线下门店,新客
SO-20251224-0773,2025-12-24 10:00:00,电子产品,无线蓝牙耳机,5,299,1495,861.84,633.16,西南,线下门店,老客
SO-20251224-0774,2025-12-24 16:00:00,食品饮料,精品咖啡豆,4,108,432,291.01,140.99,华北,小程序,老客
SO-20251225-0775,2025-12-25 01:00:00,服装鞋帽,牛仔裤,5,259,1295,727.06,567.94,华北,直播带货,会员
SO-20251225-0776,2025-12-25 04:00:00,家居日用,水洗棉四件套,3,329,987,667.84,319.16,华北,线下门店,新客
SO-20251225-0777,2025-12-25 12:00:00,食品饮料,坚果礼盒,4,158,632,512.16,119.84,东北,线上商城,新客
SO-20251225-0778,2025-12-25 16:00:00,服装鞋帽,轻薄羽绒服,1,899,899,600.45,298.55,华南,直播带货,老客
SO-20251225-0779,2025-12-25 23:00:00,电子产品,便携充电宝,1,129,129,100.87,28.13,东北,线上商城,新客
SO-20251226-0780,2025-12-26 07:00:00,家居日用,香薰蜡烛,2,69,138,87.75,50.25,西南,小程序,会员
SO-20251226-0781,2025-12-26 08:00:00,食品饮料,有机牛奶,1,59,59,37.04,21.96,华中,小程序,会员
SO-20251226-0782,2025-12-26 09:00:00,美妆个护,氨基酸洗面奶,5,89,445,288.19,156.81,华中,线下门店,新客
SO-20251226-0783,2025-12-26 10:00:00,美妆个护,淡香水,4,499,1996,1355.14,640.86,华中,小程序,会员
SO-20251226-0784,2025-12-26 13:00:00,服装鞋帽,牛仔裤,3,259,777,617.44,159.56,西南,线下门店,会员
SO-20251226-0785,2025-12-26 15:00:00,服装鞋帽,纯棉T恤,1,79,79,58.51,20.49,华中,小程序,会员
SO-20251226-0786,2025-12-26 17:00:00,美妆个护,口红,5,219,1095,739.72,355.28,华南,线下门店,新客
SO-20251226-0787,2025-12-26 21:00:00,美妆个护,氨基酸洗面奶,2,89,178,118.56,59.44,华北,小程序,新客
SO-20251227-0788,2025-12-27 07:00:00,服装鞋帽,牛仔裤,1,259,259,145.59,113.41,华北,小程序,新客
SO-20251228-0789,2025-12-28 10:00:00,服装鞋帽,轻薄羽绒服,1,899,899,630.85,268.15,华南,直播带货,新客
SO-20251228-0790,2025-12-28 19:00:00,服装鞋帽,轻薄羽绒服,1,899,899,556.98,342.02,华北,线上商城,老客
SO-20251229-0791,2025-12-29 08:00:00,食品饮料,进口红酒,4,268,1072,688.45,383.55,西南,线上商城,新客
SO-20251230-0792,2025-12-30 02:00:00,美妆个护,口红,2,219,438,298.41,139.59,西南,直播带货,会员
SO-20251230-0793,2025-12-30 13:00:00,食品饮料,精品咖啡豆,3,108,324,183.77,140.23,华南,线下门店,老客
SO-20251231-0794,2025-12-31 03:00:00,家居日用,香薰蜡烛,2,69,138,81.88,56.12,华东,线上商城,会员
SO-20251231-0795,2025-12-31 03:00:00,食品饮料,坚果礼盒,5,158,790,458.91,331.09,华南,线下门店,老客
SO-20251231-0796,2025-12-31 08:00:00,家居日用,香薰蜡烛,2,69,138,94.25,43.75,西南,线上商城,老客
SO-20251231-0797,2025-12-31 11:00:00,电子产品,智能手表,3,1299,3897,2345.99,1551.01,东北,线上商城,新客
SO-20251231-0798,2025-12-31 12:00:00,食品饮料,有机牛奶,3,59,177,111.51,65.49,华中,直播带货,老客
SO-20251231-0799,2025-12-31 13:00:00,食品饮料,有机牛奶,2,59,118,72.03,45.97,华中,直播带货,老客
SO-20251231-0800,2025-12-31 14:00:00,美妆个护,保湿精华,2,359,718,542.61,175.39,华东,线上商城,新客
